code,name,address,route_id,status,payment_terms,default_discount,owner_name,phone,email
OUT0001,"A. G. Grocery, Hapugala","Pelawatta Road, Hapugala",4,active,cash,20.0,,,
OUT0002,"A. G. P. Super Center, Bogahagoda","Akuressa Rd, Bogahagoda.",1,active,cash,20.0,,,
OUT0003,"A. G. P. Super Center, Bogahagoda (Whole Sale)",,1,active,cash,20.0,,,
OUT0004,"A. H. J. Stores, Steel Road, Dangedara",Steel Road  Dangedara,4,active,cash,20.0,,,
OUT0005,"A. M. Bite & Grocery, Gonapinuwala","Baddegama Road, Gonapinuwala",7,active,cash,20.0,,,
OUT0006,"A. N. S. Stores, Pahalakeebiya",pahalakeebiya,5,active,cash,20.0,,,
OUT0007,"A. P. C. Food City, Weeraketiya",Weeraketiya,1,active,cash,20.0,,,
OUT0008,"A. P. V. Stores, Hiare",,5,active,cash,20.0,,,
OUT0009,"A. S. Stores, Kappetiyagoda",Kappetiyagoda,2,active,cash,20.0,,,
OUT0010,"A. S. Stores, Nagoda",nagoda,3,active,cash,20.0,,,
OUT0011,"A. T. Grocery, Milidduwa",Milidduwa,4,active,cash,20.0,,,
OUT0012,"A. T. Stores, Semsan Mawatha,",Semsan Mawatha,4,active,cash,20.0,,,
OUT0013,"A.L.P. Stores, Galle",Galle,2,active,cash,20.0,,,
OUT0014,"Aasiri Cake , Morawaka",Morawaka,1,active,cash,20.0,,,
OUT0015,"Abedeera Grocery, Weligama",Waligama,1,active,cash,20.0,,,
OUT0016,"Abeewardana Food City, Middeniya",Middeniya,1,active,cash,20.0,,,
OUT0017,"Abeewardana Grocery, Waliwa",Waliwa,1,active,cash,20.0,,,
OUT0018,"Abepitiya Stores, Darangala",Darangala,1,active,cash,20.0,,,
OUT0019,"Aberathna Grocery, Divithura",Divithura,5,active,cash,20.0,,,
OUT0020,"Abewikrama Stores, Debokkawa",Debokkawa,1,active,cash,20.0,,,
OUT0021,"Abeysinghe Rice Center , Mathara","Hakmana Road,Mathara",1,active,cash,20.0,,,
OUT0022,"Abeywickrama Food City, Labuduwa",Labuduwa0,4,active,cash,20.0,,,
OUT0023,"Abeywickrama Super City, Hirimbura",Hirimbura,2,active,cash,20.0,,,
OUT0024,"Abeywikrama Super City, Kalegana","Galle Rd, Kalegana",7,active,cash,20.0,,,
OUT0025,"Abiman Stores, Katudampe",,5,active,cash,20.0,,,
OUT0026,"Ajith Fruits, Galle","Fruits Market, Galle",1,active,cash,20.0,,,
OUT0027,"Akash Stores, Habaraduwa",Habaraduwa,3,active,cash,20.0,,,
OUT0028,"Akuressa Stores, Waralla",Waralla,1,active,cash,20.0,,,
OUT0029,"Alawatta Stores, Hiare",Hiare,5,active,cash,20.0,,,
OUT0030,"Aloka Pharmacy, Hakmana",Hakmana,1,active,cash,20.0,,,
OUT0031,"Aluroma Food City (PVT) Ltd, Ginthota",Ginthota,7,active,cash,20.0,,,
OUT0032,"Amal Stores, Thepudeniya",Thepudeniya,1,active,cash,20.0,,,
OUT0033,"Amarakoon Stores, Habaraduwa",Habaraduwa,2,active,cash,20.0,,,
OUT0034,"Amarasena Stores, Batakatiya",Bataketiya,5,active,cash,20.0,,,
OUT0035,"Amarasena Stores, Kottawagama",Kottawagama,4,active,cash,20.0,,,
OUT0036,"Amarasena Stores, Wanduraba","Kottawagama, Wanduraba",3,active,cash,20.0,,,
OUT0037,"Amila Grocery, Wakunugoda",Wakunugoda,2,active,cash,20.0,,,
OUT0038,"Ananda Grocery, Thanipolgaha",Thanipolgaha,2,active,cash,20.0,,,
OUT0039,"Ananda Stores, Kakanadura",Kakanadura,1,active,cash,20.0,,,
OUT0040,"Ananda Stores, Telikada",Telikada,2,active,cash,20.0,,,
OUT0041,"Anil Stores, Elpitiya",Elpitiya,3,active,cash,20.0,,,
OUT0042,"Anula Stores, Imaduwa",Imaduwa,1,active,cash,20.0,,,
OUT0043,"Anula Stores, Kadurupe",Kadurupe,2,active,cash,20.0,,,
OUT0044,Anura Stores Welipitiya,Welipitiya,1,active,cash,20.0,,,
OUT0045,"Anura Stores, Ampawila",Ampavila,2,active,cash,20.0,,,
OUT0046,"Anura Stores, Pinkanda",,3,active,cash,20.0,,,
OUT0047,"Anusha Stores , Pitadeniya",PITADENIYA,5,active,cash,20.0,,,
OUT0048,"Apsara Stores, Panadura",Panadura,3,active,cash,20.0,,,
OUT0049,"Arachchiwatta Food City,Morawaka",Morawaka,1,active,cash,20.0,,,
OUT0050,"Aradana Stores, Nindana",Nindana,3,active,cash,20.0,,,
OUT0051,"Aradhana Stores, Kalahe",kalahe,1,active,cash,20.0,,,
OUT0052,"Araliaya Stores,",,2,active,cash,20.0,,,
OUT0053,"Ariyadasa Super, Ahangama",Ahangama,1,active,cash,20.0,,,
OUT0054,"Aruna Pharmacy, Mathara",Mathara,1,active,cash,20.0,,,
OUT0055,"Aruna Stores, Mapalagama",Mapalagama,3,active,cash,20.0,,,
OUT0056,"Arvee Grocery, Batapola",Batapola,2,active,cash,20.0,,,
OUT0057,"Aryuveda Hospital,Embilipitiya",embilipitiya,1,active,cash,20.0,,,
OUT0058,"Aryuweda Center, Akuressa",Akuressa,1,active,cash,20.0,,,
OUT0059,"Aryuweda Center, Ambalanthota",Ambalanthota,1,active,cash,20.0,,,
OUT0060,"Aryuweda Center, Morawaka",Morawaka,1,active,cash,20.0,,,
OUT0061,"Aryuweda Osuhala, Kamburupitiya",Kamburupitiya,1,active,cash,20.0,,,
OUT0062,"Asanka Stores, Moraduwa",Moraduwa,2,active,cash,20.0,,,
OUT0063,"Ashan Stores, Abekubura",Abekubura,2,active,cash,20.0,,,
OUT0064,"Ashan Stores, Ampegama",Ampegama,2,active,cash,20.0,,,
OUT0065,"Ashan Stores, Hirigalkatiya",Hirigalkatiya,5,active,cash,20.0,,,
OUT0066,"Ashan Stores, Madakeebiya",Madakeebiya,3,active,cash,20.0,,,
OUT0067,"Ashoka Foods, Aluthwala",Aluthwala,6,active,cash,20.0,,,
OUT0068,"Ashoka Grocery ,Wakwella",Wakwella,2,active,cash,20.0,,,
OUT0069,"Ashoka Stores,Nalagasdeniya",Nalagasdeniya,3,active,cash,20.0,,,
OUT0070,"Asiri Cake Shop,Poddala",Poddala,4,active,cash,20.0,,,
OUT0071,"Asiri Cake, Morawaka,",Morawaka,1,active,cash,20.0,,,
OUT0072,"Asiri Stores, Mapalagama",Mapalagama,3,active,cash,20.0,,,
OUT0073,"Asiri Stores, Nawadagala",Nawadagala,3,active,cash,20.0,,,
OUT0074,"Asiri Super, Walasgala",Walasgala,1,active,cash,20.0,,,
OUT0075,"Asitha Stores, Hiniduma",hiniduma,3,active,cash,20.0,,,
OUT0076,"Asitha Stores, Thawalama",Thawalama,1,active,cash,20.0,,,
OUT0077,"Asoka Stores, Nalagasdeniya",Nalagasdeniya,2,active,cash,20.0,,,
OUT0078,"Athapattu Stores, Happitiya",Happitiya,1,active,cash,20.0,,,
OUT0079,"Athukorala Food City, Weliwa, Morawaka","Akuressa Rd, Weliwa Morawaka",1,active,cash,20.0,,,
OUT0080,"Athula Grocery, Karapitiya",Karapitiya,4,active,cash,20.0,,,
OUT0081,"Ayantha Grocery, Hammaliya",Hammaliya,2,active,cash,20.0,,,
OUT0082,"Ayesha Hotel, Karapitiya",Karapitiya,4,active,cash,20.0,,,
OUT0083,"B & B Stores, Mitiyagoda",Mitiyagoda,2,active,cash,20.0,,,
OUT0084,"B. &.L. Stores, Ginthota","Kalegana Rd, Ginthota",5,active,cash,20.0,,,
OUT0085,"B. G. S. Stores, Amugoda",Amugoda,5,active,cash,20.0,,,
OUT0086,"B. N. Stores, Ginthota",Ginthota,2,active,cash,20.0,,,
OUT0087,"B. T. C. Super, Maitipe",Maitipe,4,active,cash,20.0,,,
OUT0088,"B.M.A.Super Center, Kuruduwatta",Kuruduwatta,4,active,cash,20.0,,,
OUT0089,"B.S.M. Grocery, Akmeemana",Akmeemana,4,active,cash,20.0,,,
OUT0090,"Babarawana Grocery, Uluvitike",Uluvitike,4,active,cash,20.0,,,
OUT0091,"Badi Stores, Kahaduwa Watta",,5,active,cash,20.0,,,
OUT0092,"Bagya Stores, Karandeniya",Karandeniya,2,active,cash,20.0,,,
OUT0093,"Bajatmart Stores, Rakadahena",Rakadahena,6,active,cash,20.0,,,
OUT0094,"Bake Cabin,Hakmana",Hakmana,1,active,cash,20.0,,,
OUT0095,"Bake Point, Hakmana",Hakmana,1,active,cash,20.0,,,
OUT0096,"Bakery Kade, Ginigala Junction",Ginigala Junction,4,active,cash,20.0,,,
OUT0097,"Bandula Grocery, Nagoda",Nagoda,6,active,cash,20.0,,,
OUT0098,"Banti Stores, Karandeniya",Karandeniya,3,active,cash,20.0,,,
OUT0099,"Barakath Super Grocery, Watagedara mulla",watagedara Mulla,1,active,cash,20.0,,,
OUT0100,"Baratha Food City, Pitabeddara","Deniyaya Rd, Pitabeddara",1,active,cash,20.0,,,
OUT0101,"Baratha Super Grocery, Deniyaya","Main Street, Deniyaya",1,active,cash,20.0,,,
OUT0102,"Bataduwa Stores, Wanduraba",Waihena Wanduraba,3,active,cash,20.0,,,
OUT0103,"Beliatta Kubura Stores, Beliatta Kubura",Beliatta,1,active,cash,20.0,,,
OUT0104,"Berty Super Center, Batapola","ethkadura, batapola",2,active,cash,20.0,,,
OUT0105,"Beruwala Grocery, Galwadugoda","Galwadugoda,  Galle",4,active,cash,20.0,,,
OUT0106,"Best Food, Manavila",Manavila,2,active,cash,20.0,,,
OUT0107,"Best Foods, Hiyare",Hiyare,2,active,cash,20.0,,,
OUT0108,"Binu Super Mart, Hennathota","Hennathota, Kumarakanda",7,active,cash,20.0,,,
OUT0109,"Binuri Food City, Idigahawila",Idigahawila,2,active,cash,20.0,,,
OUT0110,"Bite & Grocery, Gonapinuwla",Gonapinuwala,2,active,cash,20.0,,,
OUT0111,"Biyora Super Mart, Beliaththa",Beliaththa,1,active,cash,20.0,,,
OUT0112,"Bodaragama Food City, Udugama",Udugama,1,active,cash,20.0,,,
OUT0113,Bravo Food City Pitabeddara,,1,active,cash,20.0,,,
OUT0114,"Bulegoda Hela Osu Madhura, Imaduwa",Imaduwa,1,active,cash,20.0,,,
OUT0115,"C & P Grocery, Apegama.",Apegama  Hapugala,4,active,cash,20.0,,,
OUT0116,"C . J. Family Trade Center, Baddegama",Baddegama,2,active,cash,20.0,,,
OUT0117,"C. U. Food City, Imaduwa",Imaduwa,2,active,cash,20.0,,,
OUT0118,"C.K.Stores, Nawadagala",Nawadagala,3,active,cash,20.0,,,
OUT0119,"C.N.U. Food City, Pagirihena",Pagirihena,1,active,cash,20.0,,,
OUT0120,"C.S A Stores, Dikwella",Dikwella,1,active,cash,20.0,,,
OUT0121,Cafe D. & Bake Shop  Weligama,"No. 437, Weligama",1,active,cash,20.0,,,
OUT0122,"Cake Aveniya ,Uragasman Handiya",Uragasman Handiya,3,active,cash,20.0,,,
OUT0123,"Cargos Food City, Thangalla",Thangalla,1,active,cash,20.0,,,
OUT0124,"Ceycle Kade, Urala Pahala",Urala pahala,3,active,cash,20.0,,,
OUT0125,"Ceylon City Mart, Thanipolgaha Junction","Labuduwa Rd, Thanipolgaha, Galle",1,active,cash,20.0,,,
OUT0126,"Chamal Stores, Dellawa",Dellawa,1,active,cash,20.0,,,
OUT0127,"Chamara Grocery, Dahithagama",Dahithagama,2,active,cash,20.0,,,
OUT0128,"Chamara Grocery, Pilana",pilana,4,active,cash,20.0,,,
OUT0129,Chamara Place,,2,active,cash,20.0,,,
OUT0130,"Chamara Stores, Dadalla",Dadalla,3,active,cash,20.0,,,
OUT0131,"Chamara Stores, Hiyare",Hiyare,3,active,cash,20.0,,,
OUT0132,"Chamara Stores, Karapitiya",Karapitiya,5,active,cash,20.0,,,
OUT0133,"Chamara Stores, Pitiwella",,2,active,cash,20.0,,,
OUT0134,"Chami Food City, Hegoda","Hegoda, Rathgama",7,active,cash,20.0,,,
OUT0135,"Chami Trade Center , Berapanathara",,1,active,cash,20.0,,,
OUT0136,"Chamila Stores, Agaliya",,5,active,cash,20.0,,,
OUT0137,"Chaminda Stores, Batapola",Batapola,6,active,cash,20.0,,,
OUT0138,"Chaminda Stores, Mapalagama",Malapagama,3,active,cash,20.0,,,
OUT0139,"Chamindu Stores, Waulagala",Waulagala,5,active,cash,20.0,,,
OUT0140,"Chamith Stores, Ginthota",Ginthota,3,active,cash,20.0,,,
OUT0141,"Champa Stores, Bangama",Bangama,1,active,cash,20.0,,,
OUT0142,"Champa Stores,Dediyagala",Dediyagala,1,active,cash,20.0,,,
OUT0143,"Chanara Pharmacy, Thalgaswala",Thalgaswala,2,active,cash,20.0,,,
OUT0144,"Chanda Food City, Rathgama",Rathgama,2,active,cash,20.0,,,
OUT0145,"Chandana Food City, Neluwa","Morawaka Rd, Neluwa",1,active,cash,20.0,,,
OUT0146,"Chandani Stores, Kithulampitiya",Kithulampitiya,2,active,cash,20.0,,,
OUT0147,"Chandi Stores, Rathgama",By Route,5,active,cash,20.0,,,
OUT0148,"Chandi Stores, Wadepitiya",,5,active,cash,20.0,,,
OUT0149,"Chandima Grocery ,Kithulampitiya","\Ananda Mawatha,Kithulampitiya",4,active,cash,20.0,,,
OUT0150,"Chandima Stores, Harumalgoda",Harumalgoda,2,active,cash,20.0,,,
OUT0151,"Chandra Stores, Hirimbura",Hirimbura,4,active,cash,20.0,,,
OUT0152,"Chandrasiri Stores, Ampegama",WANIYARAWELA aMPEGAMA,5,active,cash,20.0,,,
OUT0153,"Chandrika Stores, Bulugaha Junction",Bulugaha Junction,2,active,cash,20.0,,,
OUT0154,"Chandrika Stores, Ihalakeebiya",Ihalakeebiya,5,active,cash,20.0,,,
OUT0155,"Chandu Stores, Hirimbura",Hirimbura,4,active,cash,20.0,,,
OUT0156,"Chanidu Stores, Waulagala",Waulagala,5,active,cash,20.0,,,
OUT0157,"Chanuka Stores, Thelikada",Thelikada,3,active,cash,20.0,,,
OUT0158,"Chanul Stores, Majuwana",Majuwana,5,active,cash,20.0,,,
OUT0159,"Chanulya Food Mart, Kurunduwatta","Udugama Rd, Kurunduwatta",2,active,cash,20.0,,,
OUT0160,"Charika Stores, Mapalagama",Mapalagama,3,active,cash,20.0,,,
OUT0161,"Charith Stores, Habaraduwa",Habaraduwa,3,active,cash,20.0,,,
OUT0162,"Chathurika Tea Room, Porupitiya",Porupitiya,1,active,cash,20.0,,,
OUT0163,Chavith Stores. Ginthota,Ginthota,3,active,cash,20.0,,,
OUT0164,"Chemist Pharmacy, Waligama",waligama,1,active,cash,20.0,,,
OUT0165,"Chenu Food City, Kuruduwatta",Kuruduwatta,4,active,cash,20.0,,,
OUT0166,"Chenuka Food City, Batuwangala","Batuwangala,Neluwa",1,active,cash,20.0,,,
OUT0167,"Chenulya Grocery, Kuruduwatta",Kuruduwatta,3,active,cash,20.0,,,
OUT0168,"Chilonat Stores, Pahalakeebiya",Pahalakeebiya,5,active,cash,20.0,,,
OUT0169,"Chuttege Katagasma Stores, Hulandawa",Hulandawa,1,active,cash,20.0,,,
OUT0170,City Point Super Mart. Thelijjawila,Thelijjawila,1,active,cash,20.0,,,
OUT0171,"Co - Op City , MederiPitiya",Mederipitiya,1,active,cash,20.0,,,
OUT0172,Co. Op City Habaraduwa,Habaraduwa,1,active,cash,20.0,,,
OUT0173,Co. Op City Majuwana,Majuwana,5,active,cash,20.0,,,
OUT0174,"Co. Op City, Weeraketiya",Akuressa,1,active,cash,20.0,,,
OUT0175,"Co. Op City, Weligama",Weligama,1,active,cash,20.0,,,
OUT0176,Co. Op. City Beliaththa,Beliaththa,1,active,cash,20.0,,,
OUT0177,Co. Op. City Morakatiara,Morakatiara,1,active,cash,20.0,,,
OUT0178,Co. Op. City Thellabura,Thellabura,4,active,cash,20.0,,,
OUT0179,"Co. Op. City, Balagoda",Balagoda,5,active,cash,20.0,,,
OUT0180,"Co. Op. City, Dampahala,",Dampahala,1,active,cash,20.0,,,
OUT0181,"Co. op. City, Deniyaya","Deniyaya Rd, Waralla",1,active,cash,20.0,,,
OUT0182,"Co. Op. City, Heegoda",Heegoda,1,active,cash,20.0,,,
OUT0183,"Co. Op. City, Kottawa",Kottawa,4,active,cash,20.0,,,
OUT0184,"Co. Op. City, Madagoda",Madagoda,1,active,cash,20.0,,,
OUT0185,"Co. Op. City, Mawarala",Mawarala,1,active,cash,20.0,,,
OUT0186,"Co. op. City, Morawaka","Deniyaya Rd, Akuressa",1,active,cash,20.0,,,
OUT0187,"Co. Op. City, Nawala",Nawala,4,active,cash,20.0,,,
OUT0188,"Co. Op. City, Neumgala, Kottawa","Neumgala, Kottawa",4,active,cash,20.0,,,
OUT0189,"Co. Op. City, Pasgoda.",Pasgoda,1,active,cash,20.0,,,
OUT0190,"Co. Op. City, Pitabeddara",Pitabeddara,1,active,cash,20.0,,,
OUT0191,"Co. Op. City, Thalgampala",Thalgampala,4,active,cash,20.0,,,
OUT0192,"Co. Op. City, Urubokka",Urubokka,1,active,cash,20.0,,,
OUT0193,"Co. Op. City, Weerapana",Weerapana,1,active,cash,20.0,,,
OUT0194,"Co. Op. City, Yakkalamulla",Yakkalamulla,4,active,cash,20.0,,,
OUT0195,Co.Op City Ellakanda,Ellakanda,5,active,cash,20.0,,,
OUT0196,"Co.Op City, Hiriyamalkubura",Hiriyamalkubura,4,active,cash,20.0,,,
OUT0197,"Co.Op City, Kalalgoda",Kalalgoda,4,active,cash,20.0,,,
OUT0198,"Co.Op City, Kamburupitiya",Kamburupitiya,1,active,cash,20.0,,,
OUT0199,"Co.Op City, Karagoda",Karagoda,4,active,cash,20.0,,,
OUT0200,"Co.Op City, Nabadawa",Nabadawa,4,active,cash,20.0,,,
OUT0201,"Co.Op City, Tellabura Ihala",Thellabura,4,active,cash,20.0,,,
OUT0202,"Co.op. City, Beralapanathara",Beralapanathara,1,active,cash,20.0,,,
OUT0203,"Co.Op. City, Thalalgoda",Thalalgoda,4,active,cash,20.0,,,
OUT0204,"Co.Op. Udumalagala,Yakkalamulla",yakkalamulla,4,active,cash,20.0,,,
OUT0205,"Cool Bar, Thanipolgaha",Thanipolgaha,2,active,cash,20.0,,,
OUT0206,"Court View Food Center, Balapitiya",Balapitiya,2,active,cash,20.0,,,
OUT0207,"Curd Shop, Pilana",Pilana,4,active,cash,20.0,,,
OUT0208,"D & C Stores, Ginimellagaha",Ginimellagaha,3,active,cash,20.0,,,
OUT0209,"D Mart, Nagoda",Nagoda,2,active,cash,20.0,,,
OUT0210,"D. H. Stores, Wathugedara",Wathugedara,6,active,cash,20.0,,,
OUT0211,"D. K. Mart, Palana",Palana,1,active,cash,20.0,,,
OUT0212,"D. Mart Food City, Wakwella","Galle Road, Wakwella",4,active,cash,20.0,,,
OUT0213,"D.C.Super , Mawanana",Mawanana,1,active,cash,20.0,,,
OUT0214,"D.J. Stores, Karandeniya",Karandeniya,3,active,cash,20.0,,,
OUT0215,"D.K.A. Food City, Walasgala",Walasgala,1,active,cash,20.0,,,
OUT0216,"D.K.Stores,Baddegama Dakuna",Baddegama,5,active,cash,20.0,,,
OUT0217,"D.L. Stores, Naumgala",Naumgala,3,active,cash,20.0,,,
OUT0218,"D.L.Stores, Thelikada",Thelikada,3,active,cash,20.0,,,
OUT0219,"D.M.Mart, Weligama","Palana,Weligama",1,active,cash,20.0,,,
OUT0220,"D.M.Stores, Walahanduwa",Walahanduwa,3,active,cash,20.0,,,
OUT0221,"D.N. Pharmacy,Dalkada",Dalkada,3,active,cash,20.0,,,
OUT0222,"D.P.S. Stores, Wadugoda",Wadugoda,2,active,cash,20.0,,,
OUT0223,"D.S.Stores, Walahanduwa",Walahanduwa,3,active,cash,20.0,,,
OUT0224,"D.S.Stores, Wathugedara",Wathugedara,2,active,cash,20.0,,,
OUT0225,"D.S.T.Stores, Ampegama",Ampegama,3,active,cash,20.0,,,
OUT0226,"D.T.S. Stores, Ampegama",Ampegama,3,active,cash,20.0,,,
OUT0227,"Daham Stores, Imaduwa",Imaduwa,2,active,cash,20.0,,,
OUT0228,"Dahanayaka Stores, Bogahagoda",Bogahagoda,3,active,cash,20.0,,,
OUT0229,"Damindu Food Center , Mihiripenna","Mthara road , Mihirapenna",1,active,cash,20.0,,,
OUT0230,"Damith Stores, Galle",Galle,2,active,cash,20.0,,,
OUT0231,"Dammika Food City, Kalupe,Hikkaduwa",Hikkaduwa,2,active,cash,20.0,,,
OUT0232,"Dammika Stores, Ganegoda Thelikada",ganegoda Thelikada,2,active,cash,20.0,,,
OUT0233,"Dammika Stores, Karapitiya",karapitiya,3,active,cash,20.0,,,
OUT0234,"Dammika Stores, Porogama",Porogama,6,active,cash,20.0,,,
OUT0235,"Dammika Stores, Thanipolgaha",Thanipolgaha,3,active,cash,20.0,,,
OUT0236,"Dananjaya Stores, Wanduraba",wanduraba,5,active,cash,20.0,,,
OUT0237,"Dangedara Stores, Dangedara",Dangedara,2,active,cash,20.0,,,
OUT0238,"Danuli Pharmacy, Makuluwa",Makuluwa,4,active,cash,20.0,,,
OUT0239,"Danura Stores, Batapola",Batapola,3,active,cash,20.0,,,
OUT0240,"Danushka Stores, Wanduraba",Wanduraba,2,active,cash,20.0,,,
OUT0241,"Danushka Super City, Bataatha",Bataatha,1,active,cash,20.0,,,
OUT0242,"Darmadasa Traders, Walasmulla",Walasmulla,1,active,cash,20.0,,,
OUT0243,"Darmasiri Stores, Nakiyadeniya",Nakiyadeniya,3,active,cash,20.0,,,
OUT0244,"Darmasiri Stores, Narigama",Narigama,5,active,cash,20.0,,,
OUT0245,"Darmawickrma Stores, Hiniduma",Hiniduma,3,active,cash,20.0,,,
OUT0246,"Darshana Grocery ,Navinna",Navinna,4,active,cash,20.0,,,
OUT0247,"Darshana Pharmacy, Rathgama","Dodangoda Rd, Rathgama",7,active,cash,20.0,,,
OUT0248,"Dasa  Super Market, Habaraduwa",Habaraduwa,2,active,cash,20.0,,,
OUT0249,"Dasindu Stores, Maliduwa",Maliduwa,2,active,cash,20.0,,,
OUT0250,"Dasuni Super,Labima",Labima,1,active,cash,20.0,,,
OUT0251,"Dayananda Food City, Andurathvila",Andurathvila,4,active,cash,20.0,,,
OUT0252,"Dayarathna Stores, Ambalangoda",,2,active,cash,20.0,,,
OUT0253,"Dayas Stores, Habaraduwa",Habaraduwa,2,active,cash,20.0,,,
OUT0254,"De Silva Stores, Kubalgama",Kubalgama,1,active,cash,20.0,,,
OUT0255,"Deepika Stores, Divithura",Divithura,5,active,cash,20.0,,,
OUT0256,"Deepthi Stores, Navinna Road",Navinna Road,4,active,cash,20.0,,,
OUT0257,"Depo Canteen, Udugama",Udugama,1,active,cash,20.0,,,
OUT0258,"Deshani Prime, Katanvila",,1,active,cash,20.0,,,
OUT0259,"Devinuwara Family Mart, Ebilipitiya",Ebilipitiya,1,active,cash,20.0,,,
OUT0260,"Devinuwara Grinding Mills, Embilipitiya",Embilipitiya,1,active,cash,20.0,,,
OUT0261,"Devinuwara Super, Embilipitiya",Embilipitiya,1,active,cash,20.0,,,
OUT0262,"Devon Pharmacy, Karapitiya","Mapalagama Rd, Karapitiya",7,active,cash,20.0,,,
OUT0263,"Dewmi Grocery, Pahangala",Pahangala,1,active,cash,20.0,,,
OUT0264,"Dewmi Stores, Rejjipura",Rejjipura,2,active,cash,20.0,,,
OUT0265,"Dharmasiri Stores, No.9,Dodanduwa",Dodanduwa,6,active,cash,20.0,,,
OUT0266,"Dikkubura Stores, Mawanana, Neluwa",Neluwa,1,active,cash,20.0,,,
OUT0267,"Diko Multi Treders, Morawaka",Morawaka,1,active,cash,20.0,,,
OUT0268,"Dilan Food City, Kalahe.","Akuressa Rd, Kalahe",1,active,cash,20.0,,,
OUT0269,"Dilan Food Corner, Godakanda",Godakanda,4,active,cash,20.0,,,
OUT0270,"Dilan Stores, Narigama",Narigama,5,active,cash,20.0,,,
OUT0271,"Dilanga Stores, Maliththagoda",Maliththagoda,5,active,cash,20.0,,,
OUT0272,"Dilanka Stores, Akuratiya",Akuratiya,3,active,cash,20.0,,,
OUT0273,"Dilanka Stores, Dampola",Dampola,1,active,cash,20.0,,,
OUT0274,"Dilini Grocery, Kokmaduwa",Kokmaduwa,1,active,cash,20.0,,,
OUT0275,"Dilini Stores, Narigama",Narigama,7,active,cash,20.0,,,
OUT0276,"Dilini Stores, Thiranagama",Thiranagama,2,active,cash,20.0,,,
OUT0277,"Dilip Stores, Gonapinuwala",gonapinuwala,4,active,cash,20.0,,,
OUT0278,"Dilthara Book Shop,Morawaka",Morawaka,1,active,cash,20.0,,,
OUT0279,"Dimangi Stores, Nugethota",Nugethota,5,active,cash,20.0,,,
OUT0280,"Dimuthu Stores, Yakkalamulla",Yakkalamulla,3,active,cash,20.0,,,
OUT0281,"Dinadee  Grocery, Kumarakanda",Kumarakanda,2,active,cash,20.0,,,
OUT0282,"Dinani Stores, Ampegama",Ampegama \,2,active,cash,20.0,,,
OUT0283,"Dinara Stores, Kumarakanda",Kumarakanda,6,active,cash,20.0,,,
OUT0284,"Dinesh Stores, Yatalamatta",Yatalamatta,3,active,cash,20.0,,,
OUT0285,"Dineth Grocery, Hammaliya",Hammaliya,2,active,cash,20.0,,,
OUT0286,"Dinithi Stores, Batapola",Batapola,6,active,cash,20.0,,,
OUT0287,"Dinuka Stores, Arachchikanda",Arachchikanda,5,active,cash,20.0,,,
OUT0288,"Dinuka Stores, Karapitiya",Karapitiya,2,active,cash,20.0,,,
OUT0289,"Dipo Canteen, Udugama",Udugama,1,active,cash,20.0,,,
OUT0290,"Disanayaka Stores, Ginigala",Ginigala,3,active,cash,20.0,,,
OUT0291,"Disna Stores, Panwila",,5,active,cash,20.0,,,
OUT0292,"Dovindra Family Shop, Sitinamaluwa",sitinamaluwa,1,active,cash,20.0,,,
OUT0293,"Dream Beach Villa, Ambalangoda",Ambalangoda,3,active,cash,20.0,,,
OUT0294,"Dulnitha Stores, Darmapala mawatha","Darmapala Mawatha, Krapitiya",5,active,cash,20.0,,,
OUT0295,"Duminda Hotel, Kananke",Kananke,1,active,cash,20.0,,,
OUT0296,"Duminda Stores, Opatha",opatha,1,active,cash,20.0,,,
OUT0297,"Eden Stores, Thalgaswala",Thalgaswala,2,active,cash,20.0,,,
OUT0298,"Edirisingha Stores, Mapalagama",Aluth ihla,3,active,cash,20.0,,,
OUT0299,"Ediriweera Stores, Kamburugamuwa",Kamburugamuwa,1,active,cash,20.0,,,
OUT0300,"Ediriweera Super, Kamburugamuwa",Kamburugamuwa,1,active,cash,20.0,,,
OUT0301,"Egodawatta Stores, Egodawatta,Godagama",Godagama,1,active,cash,20.0,,,
OUT0302,"Ekanayaka Stores, Gothatuwa",Gothatuwa,2,active,cash,20.0,,,
OUT0303,"Elpitiya Stores, Thalangalla",Malgalla,1,active,cash,20.0,,,
OUT0304,"Eraj Malti Shop , Bataganwila",Bataganwila,4,active,cash,20.0,,,
OUT0305,"Eranga Fruits, Yakkalamulla",Yakkalamula,1,active,cash,20.0,,,
OUT0306,"Esitha Food City, Thelijjawila","Nupe Junction, Thelijjawila.",1,active,cash,20.0,,,
OUT0307,"Fairway Food City, Walahanduwa","Udugama Rd, Walahanduwa",2,active,cash,20.0,,,
OUT0308,"Family Food Center, Katudampe",Katudampe,2,active,cash,20.0,,,
OUT0309,"Family Mart, Yatalamatta",Yatalamatta,3,active,cash,20.0,,,
OUT0310,"Food City Wage, Unawatuna","No. 157/c, Matara Rd, Unawatuna",1,active,cash,20.0,,,
OUT0311,"Food City, Pinnaduwa",Pinnaduwa,1,active,cash,20.0,,,
OUT0312,"Food Kingdom, Pilana",Pilana,4,active,cash,20.0,,,
OUT0313,"Fruit Shop, Karandeniya",Karandeniya,6,active,cash,20.0,,,
OUT0314,"Fruit Shop, Kumarakanda",Kumarakanda,6,active,cash,20.0,,,
OUT0315,"Fruit Shop, Kurudugaha",Kurudugaha,6,active,cash,20.0,,,
OUT0316,"Fruit Shop, Labima",Labima,1,active,cash,20.0,,,
OUT0317,"G. L. N. Stores, Beligaha",,2,active,cash,20.0,,,
OUT0318,"G. P. G. Stores, Batapola",batapola,6,active,cash,20.0,,,
OUT0319,"G.D.P Food City, Walasmulla",Walasmulla,1,active,cash,20.0,,,
OUT0320,"G.K.C. Stores,Inimankada",Inimankada,5,active,cash,20.0,,,
OUT0321,"G.K.Stores, Heenatigala",Heenatigala,3,active,cash,20.0,,,
OUT0322,"G.S.M. Technology, Miriswatta Bentara",Mirisswatta,3,active,cash,20.0,,,
OUT0323,"Gagani Stores, Ampegama",Ampegama,3,active,cash,20.0,,,
OUT0324,"Gagasiri Stores, Weerapana",Weerapana,1,active,cash,20.0,,,
OUT0325,"Gahalawatta Stores, Kahaduwa",Kahaduwa,3,active,cash,20.0,,,
OUT0326,"Gajanayaka Super, Aparakka",Aparakka,1,active,cash,20.0,,,
OUT0327,"Gallage Food City, Hikkaduwa","Pereliya, Hikkaduwa",2,active,cash,20.0,,,
OUT0328,"Gallage Foods, Kurudugaha",Kurudugaha,6,active,cash,20.0,,,
OUT0329,"Gallage Stores,Moronthuduwa Rd,Wadduwa",Wadduwa,3,active,cash,20.0,,,
OUT0330,"Galle Kade, Morakatiya",Morakatiya,1,active,cash,20.0,,,
OUT0331,"Galle Stores, Hiyare",Hiyare,2,active,cash,20.0,,,
OUT0332,"Galpothyaya Stores, Galpothyaya",Galpothyaya,1,active,cash,20.0,,,
OUT0333,"Gama Foods, Embilipitiya",Embilipitiya,1,active,cash,20.0,,,
OUT0334,"Gamage Food City, Nagoda",Nagoda,1,active,cash,20.0,,,
OUT0335,"Gamage Food City, Thanayama",Thanayama,1,active,cash,20.0,,,
OUT0336,"Gamage Food City, Yakkalamulla",Yakkalamulla,1,active,cash,20.0,,,
OUT0337,"Gamage Grocery, Keebiela",Keebiela,4,active,cash,20.0,,,
OUT0338,"Gamage Hotel, Kurunduwatta","Udugama Rd, Kurundu Watta",1,active,cash,20.0,,,
OUT0339,"Gamage Stores , Miyenawathura",Miyenawathura,1,active,cash,20.0,,,
OUT0340,"Gamage Stores, Ahangama",Ahangama,2,active,cash,20.0,,,
OUT0341,"Gamage Stores, Baddegama","Hikkaduwa Road, Baddegama",2,active,cash,20.0,,,
OUT0342,"Gamage Stores, Bogahagoda",Bogahagoda,2,active,cash,20.0,,,
OUT0343,"Gamage Stores, Darangala",Darangala,1,active,cash,20.0,,,
OUT0344,"Gamage Stores, Ganegama",Ganegama,2,active,cash,20.0,,,
OUT0345,"Gamage Stores, Hapugala",Hapugala,4,active,cash,20.0,,,
OUT0346,"Gamage Stores, Hiniduma",Hiniduma,3,active,cash,20.0,,,
OUT0347,"Gamage Stores, Kadihingala",kadihingala,1,active,cash,20.0,,,
OUT0348,"Gamage Stores, Kokmaduwa",Kokmaduwa,1,active,cash,20.0,,,
OUT0349,"Gamage Stores, Pannimulla",Pannimulla,1,active,cash,20.0,,,
OUT0350,"Gamage Stores, Thellabura",Thellabura,1,active,cash,20.0,,,
OUT0351,"Gamage Stores, Wanduraba",Wanduraba,2,active,cash,20.0,,,
OUT0352,"Gamage Stores,Thalagaha",,5,active,cash,20.0,,,
OUT0353,"Gamage Super, Hungama",Hungama,1,active,cash,20.0,,,
OUT0354,"Gamage Super, Kidihingala","Kidihingala, Neluwa",1,active,cash,20.0,,,
OUT0355,"Gamarala Fruits, Mampitiya",,2,active,cash,20.0,,,
OUT0356,"Game Kade, Wahungoda",Wahungoda,2,active,cash,20.0,,,
OUT0357,"Gamini Stores , Hapugala",Hapugala,4,active,cash,20.0,,,
OUT0358,"Gamini Stores , Mederi Pitiya",Mederi Pitiya,1,active,cash,20.0,,,
OUT0359,"Gamini Stores, Bulugaha",bulugaha,2,active,cash,20.0,,,
OUT0360,"Gamini Stores, Majuwana",Majuwana,5,active,cash,20.0,,,
OUT0361,"Gamini Stores, Udlan Watta",Udlan Watta,5,active,cash,20.0,,,
OUT0362,"Gamini Stores, Unawatuna",Unawatuna,1,active,cash,20.0,,,
OUT0363,"Gamini Stores, Yatalamatta",Yatalamatta,3,active,cash,20.0,,,
OUT0364,"Gamma Restaurant,Walasmulla",Walasmulla,1,active,cash,20.0,,,
OUT0365,"Gamunu Stores, Thalagaha",Thalagaha,3,active,cash,20.0,,,
OUT0366,"Gandara Stores, Gandara",Gandara,1,active,cash,20.0,,,
OUT0367,"Ganesha Stores, Boossa",Boossa,3,active,cash,20.0,,,
OUT0368,"Ganewatta Stores, Panangala",Panangala,3,active,cash,20.0,,,
OUT0369,"Gayan Stores, Angulugha",Angulugaha,3,active,cash,20.0,,,
OUT0370,"Gayan Stores, Dolamawata",Dolamawata,1,active,cash,20.0,,,
OUT0371,"Gayan Stores, Pinkanda",Pinkanda,3,active,cash,20.0,,,
OUT0372,"Gayan Stores, Yatalamatta",Yatalamatta,2,active,cash,20.0,,,
OUT0373,"Gayan Super, Wanduraba",Wanduraba,2,active,cash,20.0,,,
OUT0374,"Gayan Trades, Gonapinuwala",Gonainuwala,2,active,cash,20.0,,,
OUT0375,"Gayani Stores, Indurupathvila",Indurupathvila,2,active,cash,20.0,,,
OUT0376,"Geetha Tea Room,Boossa",Boossa,7,active,cash,20.0,,,
OUT0377,"Get Well Pharmacy, Udugama",Udugama,1,active,cash,20.0,,,
OUT0378,"Gihan Stores, Monroliya watta",Monroliya Watta,5,active,cash,20.0,,,
OUT0379,"Gihansa Stores, Udugama",Udugama,3,active,cash,20.0,,,
OUT0380,"Gimhana Home Needs, Ambalangoda",Ambalangoda,2,active,cash,20.0,,,
OUT0381,"Gimhana Stores, Rathgama",Rathgama,2,active,cash,20.0,,,
OUT0382,"Godage Milk Bar, Rahula Junction",Rahula Junction,1,active,cash,20.0,,,
OUT0383,"Govijana Sewa Alevisala, Pinkanda",Pinkanda,2,active,cash,20.0,,,
OUT0384,"Grab & Food City, Bataduwa",bataduwa,2,active,cash,20.0,,,
OUT0385,"Grad Lgo, Bataduwa",Bataduwa,2,active,cash,20.0,,,
OUT0386,"Gunarathna Stores, Karandeniya",karandeniya,3,active,cash,20.0,,,
OUT0387,"Gunasena Stores, Karandeniya",Karandeniya,3,active,cash,20.0,,,
OUT0388,"Gunasiri Grocery, Porawagama",PORAWAGAMA Mapalagama,3,active,cash,20.0,,,
OUT0389,"Gunathilaka Grocery, Batapola",Batapola,2,active,cash,20.0,,,
OUT0390,"Gunathilaka Stores, Nayapamula",Nayapamulla,1,active,cash,20.0,,,
OUT0391,"Gunathunaga Stores , Miyenawathura",Miyenawathura,1,active,cash,20.0,,,
OUT0392,"Gunawardhana Stores, Baddegama",Baddegama,2,active,cash,20.0,,,
OUT0393,"Gunawathi Stores, Thelikada",Thelikada,2,active,cash,20.0,,,
OUT0394,"Guruge Food City, Thangalla",Thangalla,1,active,cash,20.0,,,
OUT0395,"Guruge Stores, Ganegama",Ganegama,2,active,cash,20.0,,,
OUT0396,"Guruge Stores, Hikkaduwa",,2,active,cash,20.0,,,
OUT0397,"Guruge Stores, Ranna",ranna,1,active,cash,20.0,,,
OUT0398,"Guruge Trades, Ranna",Ranna,1,active,cash,20.0,,,
OUT0399,"Gurusingha Food City, Akmeemana",Akmeemana,1,active,cash,20.0,,,
OUT0400,"Guruwala Stores, Nagoda",Nagoda,6,active,cash,20.0,,,
OUT0401,"H.B.Super, Ampegama",Ampegama,3,active,cash,20.0,,,
OUT0402,"H.G.A. Stores, Mahalapitiya",mahalapitiya,5,active,cash,20.0,,,
OUT0403,"H.M. Food City, Kahada",Kahada,2,active,cash,20.0,,,
OUT0404,"H.M. Food Corner, Nakiyadeniya",Nakiyadeniya,4,active,cash,20.0,,,
OUT0405,"H.M.,Thellabura",Thellabura,4,active,cash,20.0,,,
OUT0406,"H.M.S.Stores, Pilana",Pilana,1,active,cash,20.0,,,
OUT0407,"H.R.Food City, Ginigala Junction",Ginigala Junction,4,active,cash,20.0,,,
OUT0408,"H.R.Food City, Pilana",Pilana,4,active,cash,20.0,,,
OUT0409,"Hal Kade, Nayapamula",Nayapamula,2,active,cash,20.0,,,
OUT0410,"Hansa Stores, Kumarakanda",Kumarakanda,3,active,cash,20.0,,,
OUT0411,Hansagiri Super Baddegama,Baddegama,7,active,cash,20.0,,,
OUT0412,"Hansani Stores, Dulana",,5,active,cash,20.0,,,
OUT0413,"Hansi Stores, Elpitiya",Amugoda Elpitiya rd,3,active,cash,20.0,,,
OUT0414,"Happy To See You Mart, Jesminveliya",Jesminweliya,1,active,cash,20.0,,,
OUT0415,"Hapuarachchi Stores, Ganegama",Ganegama,2,active,cash,20.0,,,
OUT0416,"Harald Stores, Nugaduwa",Nugaduwa,2,active,cash,20.0,,,
OUT0417,"Haritha Grocery, Yakkalamulla",Yakkalamulla,3,active,cash,20.0,,,
OUT0418,"Harsha Food City, Thalgaswala",Thalgaswala Rakadahena,2,active,cash,20.0,,,
OUT0419,"Harsha Stores, Angulugaha",Angulugaha,3,active,cash,20.0,,,
OUT0420,"Hasara Hotel, Pinnaduwa","Pinnaduwa, Walahanduwa Galle",1,active,cash,20.0,,,
OUT0421,"Hasaral Pharmacy, Galle",Galle,2,active,cash,20.0,,,
OUT0422,"Hasini Grocery, Labuduwa",Labuduwa,3,active,cash,20.0,,,
OUT0423,"Hasitha Stores, Bulugaha Handiya",Bulugaha Handiya,2,active,cash,20.0,,,
OUT0424,"Hazeem Stores, Piyadigama",Piyadigama,3,active,cash,20.0,,,
OUT0425,"Health 1st Pharmacy, Waligama",Waligama,1,active,cash,20.0,,,
OUT0426,"Heendeniya Stores, Heendeniya",Heendeniya,5,active,cash,20.0,,,
OUT0427,"Heladiwa  Super, Embilipitiya",Embilipitiya,1,active,cash,20.0,,,
OUT0428,"Hemantha Super, Makandura",Makandura,3,active,cash,20.0,,,
OUT0429,Herald Stores. Nugaduwa,"Akuressa Rd, Nugaduwa",1,active,cash,20.0,,,
OUT0430,"Hettiarachchi Stores, Batapola",Batapola,6,active,cash,20.0,,,
OUT0431,"Hettiarachchi Stores, Miriswatta Benthara",Benthara,3,active,cash,20.0,,,
OUT0432,"Hettiarachchi Stores, Pitadeniya",Pitadeniya,5,active,cash,20.0,,,
OUT0433,"Hewawasam Stores, Balagoda",balagoda,5,active,cash,20.0,,,
OUT0434,"Highland Grocery, Bataduwa",Bataduwa,4,active,cash,20.0,,,
OUT0435,"Highland Grocery, Karapitiya",Karapitiya,4,active,cash,20.0,,,
OUT0436,"Highland Grocery, Madakeebiya",Madakeebiya,5,active,cash,20.0,,,
OUT0437,"Highland Grocery, Udugama Road",,4,active,cash,20.0,,,
OUT0438,"Highland Grocery,Mampitiya",Mampitiya,4,active,cash,20.0,,,
OUT0439,"Highland Milk Bar, Mathara Rahula",Mathara Rahula,1,active,cash,20.0,,,
OUT0440,"Highland Milk Bar, Nayapamula",Nayapamula,3,active,cash,20.0,,,
OUT0441,"Highway Super Mart, Meepawala",Meepawala,4,active,cash,20.0,,,
OUT0442,"Hiruni Pharmacy, Dikwella",Dikwella,1,active,cash,20.0,,,
OUT0443,"Home Needs,",,2,active,cash,20.0,,,
OUT0444,"Horangalla  Foods, Thalgaswala",Nagoda,6,active,cash,20.0,,,
OUT0445,"Horangalla  Foods, Thalgaswala Town",,6,active,cash,20.0,,,
OUT0446,"Horangalla Janction Stores, Rakadahena",Rakadahena,6,active,cash,20.0,,,
OUT0447,"Hotel Sunrise, Manawila","Manawila, Walahanduwa, Galle",1,active,cash,20.0,,,
OUT0448,"Hulangamuwa Grocery, Sadajana Mawatha",Galle,2,active,cash,20.0,,,
OUT0449,"I. F. C. Stores, Hikkaduwa",Hikkaduwa,3,active,cash,20.0,,,
OUT0450,"Iduwari Stores, Mapalagama",Mapalagama,3,active,cash,20.0,,,
OUT0451,"Ilangakoon Stores, Thotagamuwa",THOTAGAMUWA,2,active,cash,20.0,,,
OUT0452,"Illamperuma Stores, walivitiya",walivitiya,1,active,cash,20.0,,,
OUT0453,"Illeperuma Stores, Walipitiya",Walipitiya,1,active,cash,20.0,,,
OUT0454,"Imago Food City, Imaduwa","Ahangama Rd, Imaduwa",1,active,cash,20.0,,,
OUT0455,"Imago Super Center, Imaduwa",Imaduwa,1,active,cash,20.0,,,
OUT0456,"Imali Stores, Kuruduwatta",Kuruduwatta,5,active,cash,20.0,,,
OUT0457,"Imandi Stores, Nugethota",Nugethota,3,active,cash,20.0,,,
OUT0458,"Indika Food City, Kumarakanda",Kumarakanda,6,active,cash,20.0,,,
OUT0459,"Indika Grocery, Isadin Town",Isadin Town,1,active,cash,20.0,,,
OUT0460,"Indika Stores, Ginimellagaha",Ginimellagaha,2,active,cash,20.0,,,
OUT0461,"Indika Super, Mathara",Mathara,1,active,cash,20.0,,,
OUT0462,"Indra Food City, Nalagasdeniya",Walasdeniya,2,active,cash,20.0,,,
OUT0463,"Indra Super, Alubomulla, Panadura",Panadura,3,active,cash,20.0,,,
OUT0464,"Indu Grocery, Hapugala.",Hapugala,4,active,cash,20.0,,,
OUT0465,"Indunil Stores, Imaduwa",Imaduwa,2,active,cash,20.0,,,
OUT0466,"Induwara Pharmacy, Jayanthi Junction",Jayanthi Junction,1,active,cash,20.0,,,
OUT0467,"Induwara Stores, Amugoda","Elpitiya Rd, Amugoda",3,active,cash,20.0,,,
OUT0468,"Induwara Stores, Erambudugoda",Erambudugoda,1,active,cash,20.0,,,
OUT0469,"Induwara Stores, Udugama",Udugama,3,active,cash,20.0,,,
OUT0470,"Isanka Stores, Darangala",Darangala,1,active,cash,20.0,,,
OUT0471,"Ishadi Stores, Batapola",Batapola,6,active,cash,20.0,,,
OUT0472,"Ishan Stores, Dadalla",dadalla,3,active,cash,20.0,,,
OUT0473,"Ishani Stores, Pahalakeebiya",,3,active,cash,20.0,,,
OUT0474,"Isitha Super Mart, Thelijjavila","Nape Junction, Telijjawila",1,active,cash,20.0,,,
OUT0475,"Isuru Grocery, Hapugala",Hapugala,4,active,cash,20.0,,,
OUT0476,"Isuru Pharmacy, Akuressa",Akuressa,1,active,cash,20.0,,,
OUT0477,"Isuru Pharmacy, Deniyaya",Deniyaya,1,active,cash,20.0,,,
OUT0478,"Isuru Pharmacy, Gonapinuwala","Baddegama Road, Gonapinuwala",7,active,cash,20.0,,,
OUT0479,"Isuru Stores, Nagoda",Nagoda,2,active,cash,20.0,,,
OUT0480,"Isuru Trades, Wadduwa",Wadduwa,3,active,cash,20.0,,,
OUT0481,"J. I. Super, Neluwa",Main Street Neluwa,1,active,cash,20.0,,,
OUT0482,"J.N.S.Stores, Kothmaduwa",Kothamaduwa,1,active,cash,20.0,,,
OUT0483,"J.P.G. Stores, Nindana",Nindana,2,active,cash,20.0,,,
OUT0484,"Jagath Food City, Hikkaduwa",Hikkaduwa,3,active,cash,20.0,,,
OUT0485,"Jagath Foods, Thalgaswala",Thalgaswala,6,active,cash,20.0,,,
OUT0486,"Jagath Stores, Julampitiya",Julampitiya,1,active,cash,20.0,,,
OUT0487,"Jagath Super, Kalegana","Wakwella Road, Kalegana",2,active,cash,20.0,,,
OUT0488,"Jagath Super, Middeniya",Middeniya,1,active,cash,20.0,,,
OUT0489,"Jagath Super, Nalagasdeniya",Nalagasdeniya,2,active,cash,20.0,,,
OUT0490,"Jagoda Food City, Thalgampala",Thalgampala,4,active,cash,20.0,,,
OUT0491,"Jagoda Stores, Nagoda",Nagoda,2,active,cash,20.0,,,
OUT0492,"Jagoda Stores, Walahanduwa",Walahanduwa,3,active,cash,20.0,,,
OUT0493,"Janahitha Stores, Bogahagoda","Akuressa RD, BOGAHAGODA",3,active,cash,20.0,,,
OUT0494,"Janaka Srores, Karandeniya",Karandeniya,6,active,cash,20.0,,,
OUT0495,"Janaka Stores, Wakwella",Wakwella,2,active,cash,20.0,,,
OUT0496,"Janath Stores, Thalgaswala",Thalgaswala,2,active,cash,20.0,,,
OUT0497,"Janction Trade Center, Horangalla",Horangalla,5,active,cash,20.0,,,
OUT0498,"Janith Stores, Wanduraba",Wanduraba,3,active,cash,20.0,,,
OUT0499,"Janitha Stores, Wakwella",WEakwella,5,active,cash,20.0,,,
OUT0500,"Jaya Foods, Batapola",Batapola,6,active,cash,20.0,,,
OUT0501,"Jaya Sri  Foods, Porogama",Porogama,2,active,cash,20.0,,,
OUT0502,"Jaya Sri Super, Thalgaswala",Thalgaswala,3,active,cash,20.0,,,
OUT0503,"Jaya Stores, Dunwatta",Dunwatta,3,active,cash,20.0,,,
OUT0504,"Jaya Stores, Habaraduwa",Habaraduwa,3,active,cash,20.0,,,
OUT0505,"Jayadana Food City, Hungama",Hungama,1,active,cash,20.0,,,
OUT0506,"Jayadi Stores,Rejjipura",Rejjipura,3,active,cash,20.0,,,
OUT0507,"jayampathi Stores, Adurathvila",Adurathvila,2,active,cash,20.0,,,
OUT0508,"Jayananda Super, Dikwella",Dikwella,1,active,cash,20.0,,,
OUT0509,"Jayani City Shop,Kirilipane",Kirilipane,1,active,cash,20.0,,,
OUT0510,"Jayani Stores, Telwatta",Telwatta,3,active,cash,20.0,,,
OUT0511,"Jayanisha Grocery, Induruwa",Induruwa,3,active,cash,20.0,,,
OUT0512,"Jayantha Stores, Ambalanthota",Ambalanthota,1,active,cash,20.0,,,
OUT0513,"Jayantha Stores, Galle",Galle,2,active,cash,20.0,,,
OUT0514,"Jayantha Stores, Mathara",Mathara,1,active,cash,20.0,,,
OUT0515,"Jayarathna Grocery, Batuwanthudawa",Batuwanthudawa,4,active,cash,20.0,,,
OUT0516,"Jayarathna Grocery, Hapugala",Hapugala,4,active,cash,20.0,,,
OUT0517,"Jayas Stores, Habaraduwa",Habaraduwa,2,active,cash,20.0,,,
OUT0518,"Jayasanka Stores, Balagoda",Balagoda,5,active,cash,20.0,,,
OUT0519,"Jayasanka Stores, Gandara",Gandara,1,active,cash,20.0,,,
OUT0520,"Jayasingha Stores, Walahanduwa",Walahanduwa,3,active,cash,20.0,,,
OUT0521,"Jayasiri Grocery, Sangamitta",Sangamitta,2,active,cash,20.0,,,
OUT0522,"Jayasiri Stores, Mawadala",Mawadala,1,active,cash,20.0,,,
OUT0523,"Jayasiri Stores,Pallerota",Pallerota,1,active,cash,20.0,,,
OUT0524,"Jayasiri Traders, Pallegama",Pallegama,1,active,cash,20.0,,,
OUT0525,"Jayasri Super, Thalgaswala","Waththehena, Thalgaswala",3,active,cash,20.0,,,
OUT0526,"Jayasundara Stores, Mapalagama",Mapalagama,3,active,cash,20.0,,,
OUT0527,"Jayathilaka Food City, Wanduraba",Wanduraba,2,active,cash,20.0,,,
OUT0528,"Jayathilaka Super, Polonmaruwa","Polonmaruwa, Beliaththa",1,active,cash,20.0,,,
OUT0529,"Jayawardhana Grocery, Abagaha Junction",Abagaha Junction,4,active,cash,20.0,,,
OUT0530,"Jayawardhana Stores, Induruwa",Induruwa,2,active,cash,20.0,,,
OUT0531,"Jayawardhana Stores, Nagoda","Nagoda, Unanvitiya",2,active,cash,20.0,,,
OUT0532,"Jayawardhana Stores, Rathgama",Rathgama,2,active,cash,20.0,,,
OUT0533,"Jayawardhana Stores, Unanvitiya",Unanvitiya,3,active,cash,20.0,,,
OUT0534,"Jayaweera Stores, Julgaha","Wakwella Road, Julgaha",4,active,cash,20.0,,,
OUT0535,"Jayaweera Stores, Nawadagala",Nawadagala,3,active,cash,20.0,,,
OUT0536,Jeewan Fruits Udugama,Udugama,1,active,cash,20.0,,,
OUT0537,"Jeewantha Stores , Nalawaha",Nalawaha,1,active,cash,20.0,,,
OUT0538,"Jeewantha Stores, Kothmaduwa",Kothmaduwa,1,active,cash,20.0,,,
OUT0539,"Jinasiri Stores, Imaduwa",Imaduwa,1,active,cash,20.0,,,
OUT0540,"Junction Trade Center, Thalgaswala",Thalgaswala,3,active,cash,20.0,,,
OUT0541,"K. A. Stores, Ginimellagaha",Ginimellagaha,5,active,cash,20.0,,,
OUT0542,"K. D. Food City, Watarakgoda","Watarakgoda, Beliaththa",1,active,cash,20.0,,,
OUT0543,"K. D. H. Stores, Ambalangoda",Ambalangoda,3,active,cash,20.0,,,
OUT0544,"K. G. E. Fruits, 8 Kanuwa",8 kanuwa,2,active,cash,20.0,,,
OUT0545,"K. G. Food City, Derangala",Derangala,1,active,cash,20.0,,,
OUT0546,"K. G. Stores, Abekubura",Abekubura,2,active,cash,20.0,,,
OUT0547,"K. H. D. Stores,",,2,active,cash,20.0,,,
OUT0548,"K. L. P. Super Center, Thibbotuwawa",Thibbotuwawa,1,active,cash,20.0,,,
OUT0549,"K. M. P. Stores, Imaduwa",Imaduwa,2,active,cash,20.0,,,
OUT0550,"K. W. Stores, Makandura","Akuressa Rd, Makandura, Matara",1,active,cash,20.0,,,
OUT0551,"K.C.Stores, Udalamatta",Udalamatta,3,active,cash,20.0,,,
OUT0552,"K.D. Food City, Meegahathanna",Meegahathanna,3,active,cash,20.0,,,
OUT0553,"K.D. Stores, Makandura",Makandura,1,active,cash,20.0,,,
OUT0554,"K.D.K.Stores, Hammaliya",Hammaliya,3,active,cash,20.0,,,
OUT0555,"K.D.M.Stores,Piyadigama",piyadigama,2,active,cash,20.0,,,
OUT0556,"K.G.S.Stores, Ginigala Junction",Ginigala Junction,4,active,cash,20.0,,,
OUT0557,"K.J.T. Stores, Sitinamaluwa",Sitinamaluwa,1,active,cash,20.0,,,
OUT0558,"K.L.P Super City, Akuressa",Akuressa,1,active,cash,20.0,,,
OUT0559,"K.M.A.Super Center, Kuruduwatta",Kuruduwatta,4,active,cash,20.0,,,
OUT0560,"K.M.J. Super City, Pitadeniya",Pitadeniya,5,active,cash,20.0,,,
OUT0561,"K.W.D.Stores, Padinnoruwa",Padinnoruwa,1,active,cash,20.0,,,
OUT0562,"Kadapila Supiri Super Market, Embilipitiya",Embilipitiya,1,active,cash,20.0,,,
OUT0563,"Kahada Stores, Dikkubura Rd","Agulugaha, Dikkubura",3,active,cash,20.0,,,
OUT0564,"Kalan Kade, Hikkaduwa","Galle Rd, Hikkaduwa",7,active,cash,20.0,,,
OUT0565,"Kalana Stores, Batapola",Batapola,6,active,cash,20.0,,,
OUT0566,"Kalansooriya Stores, Pahalakeebiya",Pahalakeebiya,5,active,cash,20.0,,,
OUT0567,Kalinga Family Mart - Kottegoda,Kottegoda,1,active,cash,20.0,,,
OUT0568,"Kallapatha Kade, Elpitiya",Elpitiya,2,active,cash,20.0,,,
OUT0569,"Kaluarachchi Stores, Mathugama",Mathugama,3,active,cash,20.0,,,
OUT0570,"Kalum Stores, Ellakanda",Ellaknda,3,active,cash,20.0,,,
OUT0571,"Kalum Stores, Karandeniya",Karandeniya,3,active,cash,20.0,,,
OUT0572,"Kalum Stores, Rathgama",Rathgama,5,active,cash,20.0,,,
OUT0573,"kaluthota Products, Hakmana",Hakmana,1,active,cash,20.0,,,
OUT0574,"Kamal Stores, Rathgama",Rathgama,5,active,cash,20.0,,,
OUT0575,"Kamani Stores, No 10, Dodanduwa",Dodanduwa,6,active,cash,20.0,,,
OUT0576,"Kamatha Stores, Habaraduwa",Habaraduwa,1,active,cash,20.0,,,
OUT0577,"Kanda Uda Kade, Arachchikanda",Arachchikanda,2,active,cash,20.0,,,
OUT0578,"Kande Kade, Pathana",Pathana,2,active,cash,20.0,,,
OUT0579,"Kanthi Stores Boossa,","Rescores Junction, Boossa",2,active,cash,20.0,,,
OUT0580,"Kanthi Stores, Araba Handiya",Araba Handiya,2,active,cash,20.0,,,
OUT0581,"Kanthoruwa Kade, Hiare",Hiare,5,active,cash,20.0,,,
OUT0582,"Kapila Stores, Thalgaswala",Thalgaswala,6,active,cash,20.0,,,
OUT0583,"Kapruka Traders, Pedurugewela","Pedurugewela junction, Galle",7,active,cash,20.0,,,
OUT0584,"Kapruka, Peduruwela Junction",Peduruwela Junction,4,active,cash,20.0,,,
OUT0585,"Karapitiya Agencies, Karapitiya",Karapitiya,4,active,cash,20.0,,,
OUT0586,"Karawala Kade, Mada Keebiya",Madakeebiya,5,active,cash,20.0,,,
OUT0587,"Kariyawasam Stores, Dodangoda",Dodangoda,2,active,cash,20.0,,,
OUT0588,"Kariyawasam Stores, Mahalapitiya",Mahalapitiya,3,active,cash,20.0,,,
OUT0589,"Kariyawasam Stores, Nagoda",Nagoda,6,active,cash,20.0,,,
OUT0590,"Kariyawasam Stores, Rakadahena",Rakadahena,3,active,cash,20.0,,,
OUT0591,"Karunarathna Stores, Akuressa",Thibbotuwawa,1,active,cash,20.0,,,
OUT0592,"Karunarathne Grocery, Thibbotuwawa","Thibbotuwawa, Akuressa",1,active,cash,20.0,,,
OUT0593,"Karunasena Stores, Aluthgama",Aluthgama,3,active,cash,20.0,,,
OUT0594,"Kashmila Stores, Kumarakanda",Kumarakanda,6,active,cash,20.0,,,
OUT0595,"Kasun Stores, Hapugala.","Apegama Road, Hapugla",4,active,cash,20.0,,,
OUT0596,"Kasun Stores, Thelikada",,5,active,cash,20.0,,,
OUT0597,"Kasun Super , Dellawa",Dellawa,1,active,cash,20.0,,,
OUT0598,"Kaushalya Stores, Kakillamandiya",Kakilamandiya,5,active,cash,20.0,,,
OUT0599,"Kavindu Stores, Kamburugamuwa",Kamburugamuwa,1,active,cash,20.0,,,
OUT0600,"Kavindu Stores, Kobeythuduwa",Kobeythuduwa,6,active,cash,20.0,,,
OUT0601,"Kavisha Stores, Habaraduwa",Habaraduwa,2,active,cash,20.0,,,
OUT0602,"Kawisha Stores, Harumalgoda",Harumalgoda,2,active,cash,20.0,,,
OUT0603,"Keerthi Stores, Hapugala",Hapugala,4,active,cash,20.0,,,
OUT0604,"Kenuli Stores, Thalgaswala",Thalgaswala,6,active,cash,20.0,,,
OUT0605,"Keshila Stores, Dampola",Dampola,1,active,cash,20.0,,,
OUT0606,"Kindeniya Stores, Kindeniya",Kindeniya Wanduraba,3,active,cash,20.0,,,
OUT0607,"Kintop Super, Kamburupitiya",kamburupitiya,1,active,cash,20.0,,,
OUT0608,"Kinuli Grocery, Wadugoda",Wadugoda,3,active,cash,20.0,,,
OUT0609,"Kiri Kade, Pilana",Pilana,4,active,cash,20.0,,,
OUT0610,"Kirthi Stores, Hapugala",Hapugala,4,active,cash,20.0,,,
OUT0611,"Kodagoda Stores, Yakkalamulla",Yakkalamulla,3,active,cash,20.0,,,
OUT0612,"Kodikara Stores, Galle",Galle,2,active,cash,20.0,,,
OUT0613,"Kodithuwakku Stores, Idigaskatiya",Idigasketiya,2,active,cash,20.0,,,
OUT0614,"Kosgaha Kade, Walahanduwa",,2,active,cash,20.0,,,
OUT0615,"Kotabo Stores, Weeraketiya",Weeraketiya,1,active,cash,20.0,,,
OUT0616,"Krishmi Food City,Marakolliya","Marakolliya, Thangalla",1,active,cash,20.0,,,
OUT0617,"Krishna Stores, Galle","Pettigalawatta Road, Galle",7,active,cash,20.0,,,
OUT0618,"Kumar Stores, Kongahagoda",Kongahagoda,5,active,cash,20.0,,,
OUT0619,"Kumara Grocery, Galwadugoda",Galwadugoda,4,active,cash,20.0,,,
OUT0620,"Kumara Stores, Kottawa",Kottawa,2,active,cash,20.0,,,
OUT0621,"Kumara Stores, Nagoda",Nagoda,6,active,cash,20.0,,,
OUT0622,"Kumaradasa Super City, Heenatigala",Heenatigala,3,active,cash,20.0,,,
OUT0623,Kumarage Food City. Wandurambaa.,Wanduramba,7,active,cash,20.0,,,
OUT0624,Kumarasadasa Super City. Heenatigala,Heenatigala,3,active,cash,20.0,,,
OUT0625,"Kumarasingha Shop, Kurudugaha",Kurudugaha,6,active,cash,20.0,,,
OUT0626,"Kumuduni Stores, Rejjipura",rejjipura,2,active,cash,20.0,,,
OUT0627,Kunkuma Food City  Hikkaduwa,Hikkaduwa,7,active,cash,20.0,,,
OUT0628,Kunkuma Food City Baddegama,Baddegama,7,active,cash,20.0,,,
OUT0629,Kunkuma Food City Gonapinuwala,Gonapinuwala,7,active,cash,20.0,,,
OUT0630,"Kurunduwaththa Food Citty,Bangama",Bangama,1,active,cash,20.0,,,
OUT0631,"Kushan Stores, Kahaduwa",Kahaduwa,3,active,cash,20.0,,,
OUT0632,"Kushi Stores, Karandeniya",Karandeniya,3,active,cash,20.0,,,
OUT0633,"Kushi Stores, Maha Edanda",maha edanda,1,active,cash,20.0,,,
OUT0634,"Kusumsiri Stores, Karandeniya",Karandeniya,3,active,cash,20.0,,,
OUT0635,"L. B. Food City, Ahangama",Ahangama,1,active,cash,20.0,,,
OUT0636,"L. G. A. Stores, Mahalapitiya",Mahalapitiya,3,active,cash,20.0,,,
OUT0637,"L. J. Super, Sandarawala",Sandarawala,2,active,cash,20.0,,,
OUT0638,"L.C.D.Super, Thalgaswala",Thalgaswala,3,active,cash,20.0,,,
OUT0639,"L.D. Stores, Heegoda",Heegoda,2,active,cash,20.0,,,
OUT0640,"L.E.O.Super, Rakadahena",Rakadahena,2,active,cash,20.0,,,
OUT0641,"L.G.D.Foods, Porogama",Porogama,2,active,cash,20.0,,,
OUT0642,"L.S.K. Food City, Horangalla",horangalla,2,active,cash,20.0,,,
OUT0643,"Lacto Stores, Nagoda",Nagoda,6,active,cash,20.0,,,
OUT0644,"Lahiru Food City, Wanduraba",Wanduraba,4,active,cash,20.0,,,
OUT0645,"Lahiru Mini Mart, Wanduraba",Wanduraba,5,active,cash,20.0,,,
OUT0646,"Lahiru Stores,",,2,active,cash,20.0,,,
OUT0647,"Lahiru Stores, Unawatuna","Erabudu gaha Junction,  Unawatuna",1,active,cash,20.0,,,
OUT0648,"Lahiru Stores, Walipitiya",Walipitiya,1,active,cash,20.0,,,
OUT0649,"Lakbima Stores, Udugama",Udugama,3,active,cash,20.0,,,
OUT0650,"Lakhiru Stores, Udagama",Udagama,1,active,cash,20.0,,,
OUT0651,"Lakmal Grocery, Landewa Juntion","Wataraka Road, Landewa Juntion",4,active,cash,20.0,,,
OUT0652,"Lakmal Grocery, Owakanda",Oawakanda,4,active,cash,20.0,,,
OUT0653,"Lakmal Grocery, Pilana",Pilana,4,active,cash,20.0,,,
OUT0654,"Lakmal Stores, Aramba Junction",Balagoda,5,active,cash,20.0,,,
OUT0655,"Lakmal Stores, Rathgama",Galle,2,active,cash,20.0,,,
OUT0656,"Lakmini Stores, Dodangoda",Dodangoda,5,active,cash,20.0,,,
OUT0657,"Lakmini Stores,Diyalape",,1,active,cash,20.0,,,
OUT0658,"Lakruka Supermart, Balapitiya",Balapitiya,2,active,cash,20.0,,,
OUT0659,"Laksada Stores, Nugaduwa",Nugaduwa,2,active,cash,20.0,,,
OUT0660,"Laksara New City, Morawaka",Morawaka,1,active,cash,20.0,,,
OUT0661,"Laksara Super, New Bustand, Morawaka",Morawaka,1,active,cash,20.0,,,
OUT0662,"Lakshan Stores, Batapola",Batapola,6,active,cash,20.0,,,
OUT0663,"Lakshan Stores, Maliban Mawatha",Maliban Mawatha,5,active,cash,20.0,,,
OUT0664,"Lakshan Stores, Sandarawala",Sandarawala,2,active,cash,20.0,,,
OUT0665,"Lakshan Stores, Unawatuna",Unawatuna,2,active,cash,20.0,,,
OUT0666,"Lakshan Stores, Wanduraba",Wanduraba,2,active,cash,20.0,,,
OUT0667,"Lakshman Stores, Galle",Thalpavila,2,active,cash,20.0,,,
OUT0668,"Lakshman Stores, Rakadahena",Rakadahena,6,active,cash,20.0,,,
OUT0669,"Lakshman Stores, Thalgaswala",Rakadahena Thalgaswala,6,active,cash,20.0,,,
OUT0670,"Laksiri Food City, Rakadahena",,2,active,cash,20.0,,,
OUT0671,"Laksiri Super, Walasmulla",Walasmulla,1,active,cash,20.0,,,
OUT0672,"Lala Stores, Piyadigama",Piyadigama,2,active,cash,20.0,,,
OUT0673,"Lalith Stores, Ampegama",Ampegama,2,active,cash,20.0,,,
OUT0674,"Lalith Stores, Dikkubura",Dikkubura,2,active,cash,20.0,,,
OUT0675,"Lalitha Stores, Udugama",Udugama,1,active,cash,20.0,,,
OUT0676,"Lanka Food City, Kananke",Kananke,1,active,cash,20.0,,,
OUT0677,"Lanka Siri Foods, Rakadahena",Rakadahena,2,active,cash,20.0,,,
OUT0678,"Lanka Stores, Bogahagoda",Bogahagoda,2,active,cash,20.0,,,
OUT0679,"Lasantha Sweets, Nalagasdeniya",Nalagasdeniya Hikkaduwa,2,active,cash,20.0,,,
OUT0680,"Lasindu Food City, Magedara",Magedara,1,active,cash,20.0,,,
OUT0681,"Lassa Kade, Peduruwala.","Hiums Road, Peduruwala",4,active,cash,20.0,,,
OUT0682,"Latheena Food City,Godagama",Godagama,1,active,cash,20.0,,,
OUT0683,"Leelananda Stores, Yakkalamulla","Imaduwa Road,Yakkalamulla.",1,active,cash,20.0,,,
OUT0684,"Leo Super Center, Rakadahena",Rakadahena,2,active,cash,20.0,,,
OUT0685,"Linara Stores, Dodanduwa",Dodanduwa,6,active,cash,20.0,,,
OUT0686,"Linara Stores, Kumarakanda",Kumarakanda,6,active,cash,20.0,,,
OUT0687,"Lio Super, Rakadahena",Rakadahena,2,active,cash,20.0,,,
OUT0688,"Liyanage Book Shop, Thiranagama",Thiranagama,5,active,cash,20.0,,,
OUT0689,"Liyanage St, Gonapinuwala","Hikkaduwa Rd, Gonapinuwala",2,active,cash,20.0,,,
OUT0690,"Liyanage Stores 2, Thalgaswala",Thalgaswala,2,active,cash,20.0,,,
OUT0691,"Liyanage Stores, Dikkubura",Dikkubura,1,active,cash,20.0,,,
OUT0692,"Liyanage Stores, Kalagoda","Dikkubura Rd, Kalagoda",1,active,cash,20.0,,,
OUT0693,"Liyanage Stores, Kosgoda","Kosgoda, Imaduwa\",3,active,cash,20.0,,,
OUT0694,"Liyanage Stores, Paragoda",Paragoda,1,active,cash,20.0,,,
OUT0695,"Liyanage Stores, Pinnaduwa",,5,active,cash,20.0,,,
OUT0696,"Liyanage Stores, Thalgaswala",Thalgaswala,6,active,cash,20.0,,,
OUT0697,"Liyanage Stores, Walipitiya",walipitiya,1,active,cash,20.0,,,
OUT0698,"Liyanage Stores, Waralla",Waralla,1,active,cash,20.0,,,
OUT0699,"Liyo Food City, Rakadahena",Rakadahena,2,active,cash,20.0,,,
OUT0700,"Lokumahaththayage Kade, Makumbura",Makumbura,1,active,cash,20.0,,,
OUT0701,"Lulri Food City, Embilipitiya",Embilipitiya,1,active,cash,20.0,,,
OUT0702,"M . G . Minimart, Piyadigama",Galle,2,active,cash,20.0,,,
OUT0703,"M. A. M. Food City, Haliwela",Haliwela,2,active,cash,20.0,,,
OUT0704,"M. A. S. Super Market, Rathgama",Rathgama,2,active,cash,20.0,,,
OUT0705,"M. A. Wickramasingha Grocery, Karandeniya",Karandeniya,2,active,cash,20.0,,,
OUT0706,"M. C. R. Food City, Ranapanadeniya","Rathgama Rd, Ranapanadeniya",7,active,cash,20.0,,,
OUT0707,"M. D. A. Stores, Nagarukkarama Road","Nagarukkarama Road, Kalegana",4,active,cash,20.0,,,
OUT0708,"M. D. Food City, Bataduwa","Ananda pura, Bataduwa",5,active,cash,20.0,,,
OUT0709,"M. R. stores, Karapitiya.",Karapitiya,4,active,cash,20.0,,,
OUT0710,"M. S. Mart, Kudagoda",Kudagoda,2,active,cash,20.0,,,
OUT0711,M.D.H. - Meepawala,"Panvila Road,Meepawala",4,active,cash,20.0,,,
OUT0712,"M.G.S. Stores, Pitigala",Pitigala,6,active,cash,20.0,,,
OUT0713,"M.H.A. Stores, Kurudugaha",Kurudugaha,6,active,cash,20.0,,,
OUT0714,"M.K. Super, Thangalla",Thangalla,1,active,cash,20.0,,,
OUT0715,"M.K. Vegetable & Fruits, Imaduwa",Imaduwa,2,active,cash,20.0,,,
OUT0716,"M.K.G Grocery, Hiyare",Hiyare,4,active,cash,20.0,,,
OUT0717,"M.K.Stores, Kadupe junction, Imaduwa",Imaduwa,1,active,cash,20.0,,,
OUT0718,"M.K.Stores, Pagirihena",Pagirihena,1,active,cash,20.0,,,
OUT0719,M.N. Mart Habaraduwa,Habaraduwa,1,active,cash,20.0,,,
OUT0720,"Madara Food City, Mawadawilla","Rathgama Rd, Mawadawilla",7,active,cash,20.0,,,
OUT0721,"Madara Stores, Ginimellagaha",Ginimellagaha,7,active,cash,20.0,,,
OUT0722,"Madawa Tea Room, Polgahawila",Polgahavila,5,active,cash,20.0,,,
OUT0723,"Maddegama Stores , Neluwa",Neluwa,1,active,cash,20.0,,,
OUT0724,"Madola Food City, Pinnaduwa",Pinnaduwa,4,active,cash,20.0,,,
OUT0725,"Madu Stores, Porawagama",Porawagama,3,active,cash,20.0,,,
OUT0726,"Madu Tea Shop, Thelikada",Telikada,3,active,cash,20.0,,,
OUT0727,"Maduge Trade Center, Akuressa",Akuressa,1,active,cash,20.0,,,
OUT0728,"Madumal Book Shop, Thelikada",thelikada,3,active,cash,20.0,,,
OUT0729,"Madura Stores, Ginimellagaha,","Rathgama Rd, Ginimellagaha",2,active,cash,20.0,,,
OUT0730,"Madura Stores, Kakanadura",Kakanadura,1,active,cash,20.0,,,
OUT0731,"Madura Stores, Morakatiya","Morakatiya, Embilipitiya",1,active,cash,20.0,,,
OUT0732,"Maduranga Stores, Dodangoda",Dodangoda,2,active,cash,20.0,,,
OUT0733,"Madurasa Grocery, Imaduwa",Imaduwa,3,active,cash,20.0,,,
OUT0734,"Madurasa Hotel, Dellawa",Dellawa,1,active,cash,20.0,,,
OUT0735,"Maduri Stores,Majuwana",Majuwana,5,active,cash,20.0,,,
OUT0736,"Madusha Stores, Thelikada",Thelikada,2,active,cash,20.0,,,
OUT0737,"Madushan Stores, Manampitiya",Manampitiya,2,active,cash,20.0,,,
OUT0738,"Madushi Stores, Thalagaha",Thalagaha,1,active,cash,20.0,,,
OUT0739,"Magahena Stores, Unanvitiya",Unanvitiya,2,active,cash,20.0,,,
OUT0740,"Magedara Food City, Erabudugoda",Erabudugoda,1,active,cash,20.0,,,
OUT0741,"Magedara Nagahawatta Grocery, Ambalanwatta",Ambalanwatta,2,active,cash,20.0,,,
OUT0742,"Magnit Grocery, Hikkaduwa",Hikkaduwa,3,active,cash,20.0,,,
OUT0743,"Mahagedara Kade, Walahanduwa",Walahanduwa,1,active,cash,20.0,,,
OUT0744,"Mahajana Stores, Bangama",NERALUWA,1,active,cash,20.0,,,
OUT0745,"Mahajana Stores, Diyalape",Diyalape,1,active,cash,20.0,,,
OUT0746,"Maheshika Stores, Katudampe",Katudampe,2,active,cash,20.0,,,
OUT0747,"Mahinda Dasa Stores, Ginthota",Ginthota,2,active,cash,20.0,,,
OUT0748,"Makuluwa Fresh Fruit, Galle",MAKULUIWA galle,5,active,cash,20.0,,,
OUT0749,"Mala Stores, Katukolliya",Katukolliya,2,active,cash,20.0,,,
OUT0750,"Mala Stores, Pathuwatha",Pathuwatha,3,active,cash,20.0,,,
OUT0751,"Mala Stores, Udalamatta",Udalamatta,3,active,cash,20.0,,,
OUT0752,"Malagoda Stores, Kaduruwana",Kaduruwana,1,active,cash,20.0,,,
OUT0753,"Malaka Food Citry, Jayanthi Junction",,4,active,cash,20.0,,,
OUT0754,"Malaka Food City, Kuruduwatta",Kuruduwatta,4,active,cash,20.0,,,
OUT0755,"Malarachchi Stores, Batapola",Batapola,2,active,cash,20.0,,,
OUT0756,"Malarachchi Stores, Katuneliya",Katuneliya Thiranagama,3,active,cash,20.0,,,
OUT0757,"Mali Stores, Dikkubura",Dikkubura,3,active,cash,20.0,,,
OUT0758,"Malidu Stores, Arabahandiya",Arabahandiya,2,active,cash,20.0,,,
OUT0759,"Malindu Food City, Weliketiya",Weliketiya,1,active,cash,20.0,,,
OUT0760,"Malindu Stores, Pattipola",Pattipola,1,active,cash,20.0,,,
OUT0761,"Malith Stores, Gonapinuwala",Gonapinuwala,3,active,cash,20.0,,,
OUT0762,"Malki Grocery, Rejjipura",Rejjipura,2,active,cash,20.0,,,
OUT0763,"Mallika Stores, Rakadahena",Rakadahena,2,active,cash,20.0,,,
OUT0764,"Malpudanalla Vejitable Shop, Malpudanalla",Malpudanalla,1,active,cash,20.0,,,
OUT0765,"Malsha Stores, Heenatigala",Heenatigala,3,active,cash,20.0,,,
OUT0766,"Manamperi Food City, Middeniya",Middeniya,1,active,cash,20.0,,,
OUT0767,"Manamperi Stores, Batapola",Batapola,6,active,cash,20.0,,,
OUT0768,"Manamperi Stores, Hikkaduwa",Hikkaduwa,7,active,cash,20.0,,,
OUT0769,"Manel Food City, Pallegama",Pallegama,1,active,cash,20.0,,,
OUT0770,"Mangalika Stores, Hiyare",Hiyare,3,active,cash,20.0,,,
OUT0771,"Manisha Super City, Godakanda Rd",Godakanda,4,active,cash,20.0,,,
OUT0772,"Manju Grocery, Kananke",Kananke,1,active,cash,20.0,,,
OUT0773,"Manju Stores, Thelikada",Thelikada,3,active,cash,20.0,,,
OUT0774,"Manju Vegetable Shop, Kurudugaha",Kurudugaha,6,active,cash,20.0,,,
OUT0775,"Manjula Stores, Habaraduwa",habaraduwa,2,active,cash,20.0,,,
OUT0776,"Manoj Stores, Dodanduwa",Dodanduwa,6,active,cash,20.0,,,
OUT0777,"Manoj Stores, Kumarakanda",Kumarakanda,2,active,cash,20.0,,,
OUT0778,"Manu Food City, Weligama",Weligama,1,active,cash,20.0,,,
OUT0779,"Manusha Stores, Thelikada",Thelikada,2,active,cash,20.0,,,
OUT0780,Mapalagama Vejetable Shop,,6,active,cash,20.0,,,
OUT0781,"Mapalagama Vejetable Shop, Mapalagama",Mapalagama,6,active,cash,20.0,,,
OUT0782,"Maragahayata Kade, Pitabeddara",Pitabeddara,1,active,cash,20.0,,,
OUT0783,"Masakorala Stores, Indurupathvila",Thalgaswala,6,active,cash,20.0,,,
OUT0784,"Matara Traders, Kamburugamuwa","Galle Rd, Kamburugamuwa",1,active,cash,20.0,,,
OUT0785,"Matheesha Food City, Thalgampala",Thalgampola,4,active,cash,20.0,,,
OUT0786,"Matheesha Stroes, Hiyare",Hiyare,3,active,cash,20.0,,,
OUT0787,"Max Grocery, Godakanda",Godakanda,4,active,cash,20.0,,,
OUT0788,"Mayakaduwa Grocery 2 , Kottawa",Kottawa,4,active,cash,20.0,,,
OUT0789,"Mayakaduwa Grocery, Kottawa",Kottawa,4,active,cash,20.0,,,
OUT0790,"Mayline Food City, Kakunadura",Kaukunadura,1,active,cash,20.0,,,
OUT0791,"Maythree Stores, Miriswatta Benthota",Benthota,3,active,cash,20.0,,,
OUT0792,"Mayuru Stores, Wanduraba",Wanduraba,5,active,cash,20.0,,,
OUT0793,"Mega City (whole sale) , Sandarawala",Sandarawala,7,active,cash,20.0,,,
OUT0794,"Mega City, Ambalanwatta",Ambalanwatta,7,active,cash,20.0,,,
OUT0795,"Mega City, Sandarawala",Sandarawala,7,active,cash,20.0,,,
OUT0796,"Mendis Stores, Hikkaduwa",Kalupe  Hikkaduwa,2,active,cash,20.0,,,
OUT0797,"Metro Pharmacy, Galle",Galle,7,active,cash,20.0,,,
OUT0798,"Metro Pharmacy, Galle","Colombo Road, galle",7,active,cash,20.0,,,
OUT0799,"Midland Pharmacy, Labuduwa",Labuduwa,4,active,cash,20.0,,,
OUT0800,"Mihini Grocery, Minuwangoda",Minuwangoda,2,active,cash,20.0,,,
OUT0801,"Mihira Grocery, Kithulampitiya",Kithulampitiya,4,active,cash,20.0,,,
OUT0802,"Mihiri Food City, Kottawa",kottawa,1,active,cash,20.0,,,
OUT0803,"Mihiri Stores, Yatalamatta",Yatalamatta,3,active,cash,20.0,,,
OUT0804,"Mihisara Stores, Thiranagama",Thiranagama,3,active,cash,20.0,,,
OUT0805,"Milan Food City, Hakmana",Hakmana,1,active,cash,20.0,,,
OUT0806,"Milinda Grocery, Unawatuna",Unawatuna,2,active,cash,20.0,,,
OUT0807,"Milk Cafe, Rathgama",Rathgama,2,active,cash,20.0,,,
OUT0808,"Mini Foods, Idigahavila","Idigahavila, Rakadahena",6,active,cash,20.0,,,
OUT0809,"Mini Mart, Ginthota",Ginthota,5,active,cash,20.0,,,
OUT0810,"Minimart, Piyadigama",Piyadigama,2,active,cash,20.0,,,
OUT0811,"Minsara Stores, Karandeniya",Karandeniya,3,active,cash,20.0,,,
OUT0812,"Minuki Stores, Gonapinuwala","Koragahagoda, Gonapinuwala",5,active,cash,20.0,,,
OUT0813,Miyuru Thunapaha - Bataganvila,Bataganvila,2,active,cash,20.0,,,
OUT0814,"Mohomad Stores, Piyadigama",Piyadigama,3,active,cash,20.0,,,
OUT0815,"Monika Stores, Cinnamon Lake",,5,active,cash,20.0,,,
OUT0816,"Moon Mart Food City, Habaraduwa",Habaraduwa,1,active,cash,20.0,,,
OUT0817,"Mr.Chaminda, Kananke",Kananke,1,active,cash,20.0,,,
OUT0818,Mr.Maulana,,7,active,cash,20.0,,,
OUT0819,"Muditha Stores, Pitadeniya",Pitadeniya,5,active,cash,20.0,,,
OUT0820,"Multi Traders , Morawaka",,1,active,cash,20.0,,,
OUT0821,"Munaweera Grocery, Galle","Matara Road, Galle",4,active,cash,20.0,,,
OUT0822,"Munisingha Stores, Debokkawa",Debokkawa,1,active,cash,20.0,,,
OUT0823,"Munisingha Stores, Gonadeniya",Gonadeniya,1,active,cash,20.0,,,
OUT0824,"Muthu Stores, Unanwitiya",Unanvitiya Nagoda,5,active,cash,20.0,,,
OUT0825,"Muthuhettigama Stores, Arambewela",Galle,2,active,cash,20.0,,,
OUT0826,"Muthumala Stores, Hungama",Hungama,1,active,cash,20.0,,,
OUT0827,"My line Food City, Kakunadura",Kakanadura,1,active,cash,20.0,,,
OUT0828,"N & J Stores,Ginthota",Ginthota,4,active,cash,20.0,,,
OUT0829,"N and J Grocery, Gintota",Gintota,2,active,cash,20.0,,,
OUT0830,"N. A. S. Super Market, Rathgama",Rathgama,2,active,cash,20.0,,,
OUT0831,"N. G. Super, Padalangala",Padalangala,1,active,cash,20.0,,,
OUT0832,"N. K. K. Stores, Kahawa",Kahawa,2,active,cash,20.0,,,
OUT0833,"N.B.N Super, Kaburupitiya",Kaburupitiya,1,active,cash,20.0,,,
OUT0834,"N.R.M. Stores, narawala",Narawala,3,active,cash,20.0,,,
OUT0835,"N.T.C. Stores, Walipitiya",Walipitiya,1,active,cash,20.0,,,
OUT0836,"Naddika Stores, Nagoda",Nagoda,6,active,cash,20.0,,,
OUT0837,Nadee Communication - Wakwella,Wakwella,2,active,cash,20.0,,,
OUT0838,"Nadee Sweets, Holuwagoda",Holuwagoda,4,active,cash,20.0,,,
OUT0839,"Nadeera Stores, Gonapinuwala",Gonapinuwala,3,active,cash,20.0,,,
OUT0840,"Nadeesha Food City, Narigama",Narigama,3,active,cash,20.0,,,
OUT0841,"Nadeeshani Grocery, Hikkaduwa",Hikkaduwa,3,active,cash,20.0,,,
OUT0842,"Nadeeshani Stores, Batapola",Batapola,3,active,cash,20.0,,,
OUT0843,"Nadeeshani Stores, Boossa",Boossa,2,active,cash,20.0,,,
OUT0844,"Nadiranga Stores, Yatagala, Elpitiya",Yatagala Elpitiya,3,active,cash,20.0,,,
OUT0845,"Nadun Stores, Dickwella",Dikwella,1,active,cash,20.0,,,
OUT0846,"Nadun Stores, Kahatapitiya",Kahatapitiya,3,active,cash,20.0,,,
OUT0847,"Nadun Stores, Morawaka",Morawaka,1,active,cash,20.0,,,
OUT0848,"Nadun Stores, Seenigama",seenigama,2,active,cash,20.0,,,
OUT0849,"Naduni Food City, Batapola",Kahatapitiya,2,active,cash,20.0,,,
OUT0850,"Naduni Stores, Kahatapitiya",Kahatapitiya,3,active,cash,20.0,,,
OUT0851,"Nagahawatta Grocery, Ambalanwatta",Ambalanwatta,2,active,cash,20.0,,,
OUT0852,"Nagahawatta Grocery, Wataraka Road",Wataraka Road,4,active,cash,20.0,,,
OUT0853,"Nagahawatta Veji Shop, Kalahe",Kalahe,1,active,cash,20.0,,,
OUT0854,"Nagahawatta Veji Shop, Malagoda",Malagoda,1,active,cash,20.0,,,
OUT0855,"Nagare Kade , Ginimellagaha",Ginimellagaha,2,active,cash,20.0,,,
OUT0856,"Nalaka Stores, Rathgama",Rathgama,3,active,cash,20.0,,,
OUT0857,"Nalani Grocery, Kumarakanda",Kumarakanda,3,active,cash,20.0,,,
OUT0858,"Naleen Stores, 16 Watta","16 Watta, Kananke",1,active,cash,20.0,,,
OUT0859,"Naleen Stores, Yatalamatta",Yatalamatta,3,active,cash,20.0,,,
OUT0860,"Namal Stores, Boossa",Boossa,2,active,cash,20.0,,,
OUT0861,"Namal Stores, Boossa","Paranawatta, Boossa",5,active,cash,20.0,,,
OUT0862,"Namal Stores, Kapamulla",,5,active,cash,20.0,,,
OUT0863,"Namal Stores, Rathgama",Rathgama,5,active,cash,20.0,,,
OUT0864,"Nanayakkara  Grocery, Semson Mawatha",Semsan Mawatha,4,active,cash,20.0,,,
OUT0865,"Nanayakkara Grocery, Walahanduwa",Walahanduwa,4,active,cash,20.0,,,
OUT0866,"Nanayakkara Hotel, Kaluwella",Kaluwella,2,active,cash,20.0,,,
OUT0867,"Nanayakkara Stores, Agulugaha",Agulugaha,3,active,cash,20.0,,,
OUT0868,"Nanayakkara Stores, Balagoda",Balagoda,3,active,cash,20.0,,,
OUT0869,"Nanayakkara Stores, Beralapanaththara",Beralapanattara,1,active,cash,20.0,,,
OUT0870,"Nanayakkara Stores, Dikkubura","Agulugaha, Dikkubura",3,active,cash,20.0,,,
OUT0871,"Nanayakkara Stores, Dodanduwa",Dodanduwa,6,active,cash,20.0,,,
OUT0872,"Nanayakkara Stores, Ginimellagaha",Ginimellagaha,5,active,cash,20.0,,,
OUT0873,"Nanayakkara Stores, Hiniduma",Hiniduma,3,active,cash,20.0,,,
OUT0874,"Nanayakkara Stores, Kakundeniya",Kakundeniya,1,active,cash,20.0,,,
OUT0875,"Nanayakkara Stores, Kurudugaha",Kurudugaha,6,active,cash,20.0,,,
OUT0876,"Nanayakkara Stores, Polhena",Polhena,2,active,cash,20.0,,,
OUT0877,"Nanayakkara Stores, Thalgaswala",Thalgaswala,6,active,cash,20.0,,,
OUT0878,"Nanayakkara Stores, Thanayama",Thanayama,1,active,cash,20.0,,,
OUT0879,"Nanayakkara Stores, Unawatuna",Unawatuna,2,active,cash,20.0,,,
OUT0880,"Nandana Stores, Maliththagoda",Maliththagoda,5,active,cash,20.0,,,
OUT0881,"Nandani Stores, Boralukada",Boralukada,3,active,cash,20.0,,,
OUT0882,"Nandani Stores, Kumarakanda",Kumarakanda,3,active,cash,20.0,,,
OUT0883,"Nandasena Stores, Nalagasdeniya",Nalagasdeniya,2,active,cash,20.0,,,
OUT0884,"Nandasena Stores, Nalagasdeniya",,5,active,cash,20.0,,,
OUT0885,"Nandasiri Stores, Batapola","baddegama Rd, Batapola",6,active,cash,20.0,,,
OUT0886,"Nanditha Stores, Nagoda",Nagoda,6,active,cash,20.0,,,
OUT0887,"Nandulee Stores, Thalgaswala",Thlgaswala,6,active,cash,20.0,,,
OUT0888,"Nathagala Stores, Deniyaya,","Main Street, Deniyaya",1,active,cash,20.0,,,
OUT0889,"Naveena Hotel Travel, Hikkaduwa",Hikkaduwa,3,active,cash,20.0,,,
OUT0890,Nawaloka Super  Batapola,"New Town, Batapola",7,active,cash,20.0,,,
OUT0891,"Nawarasa Cool Spot , Morawaka",,1,active,cash,20.0,,,
OUT0892,"Nayana Grocery, Kanake",Kananke,1,active,cash,20.0,,,
OUT0893,"Negnit Grocery, Hikkaduwa",Hikkaduwa,3,active,cash,20.0,,,
OUT0894,"Nelo Food City, Adurathvila",Adurathvila,4,active,cash,20.0,,,
OUT0895,"Nelum Grocery, Embilipitiya","Rathnapura Rd, Embilipitiya",1,active,cash,20.0,,,
OUT0896,"Nelum Stores, Nagoda",Nagoda,3,active,cash,20.0,,,
OUT0897,"Nelum Stores, Narigama",Narigama,3,active,cash,20.0,,,
OUT0898,"Neranjan Grocery, Deniyaya",Deniyaya,1,active,cash,20.0,,,
OUT0899,"Nethara Stores, Batapola",Batapola,6,active,cash,20.0,,,
OUT0900,"Nethmi, Meepawala","6 Miles Post, Meepawala",4,active,cash,20.0,,,
OUT0901,"Nethuli Stores, Agaliya",Agaliya,1,active,cash,20.0,,,
OUT0902,"New Chandana Stores, Pinkanda Handiya",Pinkanda Handiya,2,active,cash,20.0,,,
OUT0903,"New Danajaya Stores, Palapotha",Palapotha,1,active,cash,20.0,,,
OUT0904,"New Ganewatta Stores, Panangala",Panangala,1,active,cash,20.0,,,
OUT0905,"New Jayalath Stores, Batapola",Batapola,2,active,cash,20.0,,,
OUT0906,"New Mawarala Pharmacy, Mawarala",Mawarala,1,active,cash,20.0,,,
OUT0907,"New Nadeeshani Grocery, Wawala","Wawala, Hikkaduwa",2,active,cash,20.0,,,
OUT0908,"New Pasindu grocery, Bengamuwa",Bengamuwa,1,active,cash,20.0,,,
OUT0909,"New Piyamal Stores, Puwakdola",Puwakdola,1,active,cash,20.0,,,
OUT0910,"New Prasanna Grocery, Hikkaduwa","Galle Rd, Hikkaduwa",7,active,cash,20.0,,,
OUT0911,"New Prasanna Pharmacy, Hapugala","Galle Rd, Hapugala",7,active,cash,20.0,,,
OUT0912,"New Ranga Stores, Walasmulla",Walasmulla,1,active,cash,20.0,,,
OUT0913,"New Royal Pharmacy, Waligama",waligama,1,active,cash,20.0,,,
OUT0914,"New Satharasingha Stores, Weerapana",Weerapana,1,active,cash,20.0,,,
OUT0915,"New Sithumina Stores, Godigamuwa",Godigamuwa,1,active,cash,20.0,,,
OUT0916,New Sunbeam Super Thiranagama,"Pinkanda Rd, Thiranagama",2,active,cash,20.0,,,
OUT0917,"Niduwari Foods, Mapalagama",Mapalagama,3,active,cash,20.0,,,
OUT0918,"Niduwari Grocery, Mapalagama",Mapalagama,1,active,cash,20.0,,,
OUT0919,"Nihal Stores, Hagoda",Hagoda,2,active,cash,20.0,,,
OUT0920,"Nihal Stores, karathura",Gonapinuwala,2,active,cash,20.0,,,
OUT0921,"Nihal Stores, Majuwana Rd",Majuwana,5,active,cash,20.0,,,
OUT0922,"Nihal Stores, Maliduwa",Maliduwa,4,active,cash,20.0,,,
OUT0923,"Nihal Trades, Uragasman Junction",Uragasman Juction,3,active,cash,20.0,,,
OUT0924,"Nilan Stores, Ambalangoda",thilakapura Ambalangoda,3,active,cash,20.0,,,
OUT0925,"Nilanthi Stores, No 13, Dodanduwa",Dodanduwa,6,active,cash,20.0,,,
OUT0926,"Niluka Stores, Katudampe",Katudampe,2,active,cash,20.0,,,
OUT0927,"Nimal Hypar Mart, Embilipitiya",Embilipitiya,1,active,cash,20.0,,,
OUT0928,"Nimal Stores, Hapugala",Hapugala,3,active,cash,20.0,,,
OUT0929,"Nimnatha Stores, Batapola",Batapola,3,active,cash,20.0,,,
OUT0930,"Nimsara Grocery, Baddegama",Baddegama,2,active,cash,20.0,,,
OUT0931,"Nimtharu Super City, Thangalla",Thangalla,1,active,cash,20.0,,,
OUT0932,"Nipun Stores, Ahangama",Ahangama,2,active,cash,20.0,,,
OUT0933,"Niranjan Grocery, Deniyaya",Deniyaya,1,active,cash,20.0,,,
OUT0934,"Nirmal Traders, Indurupathvila",Indurupathvila,2,active,cash,20.0,,,
OUT0935,"Nirosha Stores, Rathgama",Rathgama,2,active,cash,20.0,,,
OUT0936,"Nisal Grocery, Imaduwa",Imaduwa,1,active,cash,20.0,,,
OUT0937,"Nishantha Stores, Miriswatta Benthota",Benthota,3,active,cash,20.0,,,
OUT0938,"Niyo Super, Rakadahena",Rakadahrna,6,active,cash,20.0,,,
OUT0939,"No 2 Market, Ahangama",Ahangama,1,active,cash,20.0,,,
OUT0940,"Nuwan Communication, Hiyare",Hiyare,3,active,cash,20.0,,,
OUT0941,"Nuwan Grocery, Hiyare",Hiyare,3,active,cash,20.0,,,
OUT0942,"Nuwan Stores, Dehigahahena",,5,active,cash,20.0,,,
OUT0943,"Nuwan Stores, Walivitiya",Walivitiya,2,active,cash,20.0,,,
OUT0944,"O. T. P. Food Stores, Pinnaduwa",Pinnaduwa,2,active,cash,20.0,,,
OUT0945,"O.K.S. Stores, Karandeniya",Karandeniya,3,active,cash,20.0,,,
OUT0946,"OIecto Stores, Nagoda",Nagoda Mapalagama Rd,3,active,cash,20.0,,,
OUT0947,"Oil Farm, Nakiyadeniya",Nakiyadeniya,4,active,cash,20.0,,,
OUT0948,"Olacto Enterpracies, Nagoda",,5,active,cash,20.0,,,
OUT0949,"Oleena Pharmacy, Kalahe",kalahe,3,active,cash,20.0,,,
OUT0950,"Olga Food City, Dadalla",Dadalla,4,active,cash,20.0,,,
OUT0951,"Olina Pharmacy, Kalahe",kalahe,1,active,cash,20.0,,,
OUT0952,"Olinmo Food City, Kalahe",Kalahe,1,active,cash,20.0,,,
OUT0953,"Olinmo Super, Pilana",Pilana,1,active,cash,20.0,,,
OUT0954,"Omega Food City, Pettigalawatta","No. 78, Mathara Road, Pettigalawatta, Galle",1,active,cash,20.0,,,
OUT0955,"Omni Super, Thalpavila",Thalpavila,1,active,cash,20.0,,,
OUT0956,"Onadi  Food City, Ginigalthuduwa",Ginigalthuduwa,2,active,cash,20.0,,,
OUT0957,"Onadi Food City, Walahanduwa,","Akuressa Rd, Walahanduwa",1,active,cash,20.0,,,
OUT0958,"Onadi Grocery, Makubura",Makubura,1,active,cash,20.0,,,
OUT0959,"Onara Food City, Wanchawala","Wanchawala Junction, Wanchawala",1,active,cash,20.0,,,
OUT0960,"Onara Stores, Thalgaswala",Thalgaswala,6,active,cash,20.0,,,
OUT0961,"One House, Thanipolgaha",Thanipolgaha,7,active,cash,20.0,,,
OUT0962,"Oshadi Stores, Waduraba",,5,active,cash,20.0,,,
OUT0963,"Oshan Grocery, Baddegama",Baddegama,2,active,cash,20.0,,,
OUT0964,"Osora Pharmacy, Sangamiththapura","Wakwella Rd, Sangamiththapura",7,active,cash,20.0,,,
OUT0965,"Osulka Ayurweda Osusala,Makandura",Makandura,1,active,cash,20.0,,,
OUT0966,"Ovilana Tea Room , Ovilana",Ovilana,5,active,cash,20.0,,,
OUT0967,"Owelco Super Center, Thelijjawila",Thelijjawila,1,active,cash,20.0,,,
OUT0968,"P & C Stores, Ginimellagaha",Ginimellagaha,2,active,cash,20.0,,,
OUT0969,"P & G Food City, Landewa Juntion",Landewa Juntion,4,active,cash,20.0,,,
OUT0970,"P & G Juice Bar, Karapitiya",Karapitiya,4,active,cash,20.0,,,
OUT0971,"P Mart, Weligama",weligama,1,active,cash,20.0,,,
OUT0972,"P. & G Food City, Watareka.","Watareka, Kalegana",4,active,cash,20.0,,,
OUT0973,"P. G. P. Super, Bogahagoda",Bogahagoda,1,active,cash,20.0,,,
OUT0974,"P. G. S. Sahana Sala, Polathumodara",Polathumodara,1,active,cash,20.0,,,
OUT0975,"P. K. S Stores, Nayapamula",Nayapamula,2,active,cash,20.0,,,
OUT0976,"P. S. Food City, Devinuwara",,1,active,cash,20.0,,,
OUT0977,"P. S. Food City, Gandara","No. 22, Tengalle Rd, Kapugama Gandara",1,active,cash,20.0,,,
OUT0978,"P. S. Stores, Yakkalamulla",,5,active,cash,20.0,,,
OUT0979,"P.G.K Stores, Pallegama","Beliatta Kubura, Pallegama",1,active,cash,20.0,,,
OUT0980,"P.G.K.Stores, Beliattakubura",Beliattakubura,1,active,cash,20.0,,,
OUT0981,"P.K. Grocery, Meepawala",Meepawala,4,active,cash,20.0,,,
OUT0982,"P.M.C. Stores, Dodangoda",Dodangoda,5,active,cash,20.0,,,
OUT0983,"Pagoma Food City, Galle",Galle,7,active,cash,20.0,,,
OUT0984,"Pagoma Super City, Megalle.","Matara Road, Megalle, Galle",7,active,cash,20.0,,,
OUT0985,"Pahandi Stores, Angulugaha",Angulugaha,3,active,cash,20.0,,,
OUT0986,"Pahasara Food City, Dikwella",Dikwella,1,active,cash,20.0,,,
OUT0987,"Palawaththa Stores,Mederipitiya",Mederipitiya,1,active,cash,20.0,,,
OUT0988,Palawatta Milk Bar,,2,active,cash,20.0,,,
OUT0989,"Palawatta Milk Bar, Rathgama",,2,active,cash,20.0,,,
OUT0990,"Palitha Grocery, Baddegama",Baddegama,2,active,cash,20.0,,,
OUT0991,"Palitha Stores, Thanayama",Thanayama,1,active,cash,20.0,,,
OUT0992,"Pansilu Grocery, Kuruduwatta",Kuruduwatta,4,active,cash,20.0,,,
OUT0993,"Panuka Stores, Wakwella",Wakwella,2,active,cash,20.0,,,
OUT0994,"Panwila Stores, Hiyare",Hiyare,5,active,cash,20.0,,,
OUT0995,"Parami Stores, Seenigama",Seenigama,2,active,cash,20.0,,,
OUT0996,"Paranawatta Stores, Wanduraba",Wanduraba,2,active,cash,20.0,,,
OUT0997,"Paranawithana Stores, Kubalgama",Kubalgama,1,active,cash,20.0,,,
OUT0998,"Parl Phamacy, Weliwitiya",Weliwitiya,1,active,cash,20.0,,,
OUT0999,"Parlin Grocery, Horangalla",Horangalla,2,active,cash,20.0,,,
OUT1000,"Pasindu Food City, Pilana",Pilana,4,active,cash,20.0,,,
OUT1001,"Pasindu Grocery, Bengamuwa",Bengamuwa,1,active,cash,20.0,,,
OUT1002,"Pasindu Grocery, Pilana",Pilana,4,active,cash,20.0,,,
OUT1003,"Pasindu Stores, Habaraduwa",Habaraduwa,2,active,cash,20.0,,,
OUT1004,"Paspa Stores, Sandarawala",Sandarawala,2,active,cash,20.0,,,
OUT1005,"Pathiraja Super, Rathgama",Rathgama,2,active,cash,20.0,,,
OUT1006,"Pathirana Food City , Lankagama",Lankagama,1,active,cash,20.0,,,
OUT1007,"Pathirana Grocery ,Wakwella","Galle Road,Wakwella.",2,active,cash,20.0,,,
OUT1008,"Pathirana Stores, Deniyaya",Deniyaya,1,active,cash,20.0,,,
OUT1009,"Pathirana Super Mart, Kirinda Puhulwella",Kirinda Puhulwella,1,active,cash,20.0,,,
OUT1010,"Pathma Stores, Sirikadurawatta",Sirikadurawatta,3,active,cash,20.0,,,
OUT1011,"Pathma Stores, Yakkalamulla",Yakkalamulla,3,active,cash,20.0,,,
OUT1012,"Pathmini Stores, Thalgaswala",Thalgaswala,2,active,cash,20.0,,,
OUT1013,"Pathmini Stores, Yakadawala watta",Yakadawalawatta,5,active,cash,20.0,,,
OUT1014,"Paththara Kade, Batapola",Batapola,3,active,cash,20.0,,,
OUT1015,"Pathum Stores, Nindana",Nindana,3,active,cash,20.0,,,
OUT1016,"Patuwatha Grocery, Patuwatha",Patuwatha Kumarakanda,2,active,cash,20.0,,,
OUT1017,"Pavithra Stores, Thiranagama",Thiranagama,3,active,cash,20.0,,,
OUT1018,"Pawan Stores, Ampawila",Ampavila,2,active,cash,20.0,,,
OUT1019,"Pawan Stores, Dikkubura",Dikkubura,3,active,cash,20.0,,,
OUT1020,"Pelawaththa Stores , Mederipitiya",Mederipitiya,1,active,cash,20.0,,,
OUT1021,"Perera Stores, Karandeniya","Maha edanda, karandeniya",2,active,cash,20.0,,,
OUT1022,"Perly Foods, Thalgaswala",Thalgaswala,6,active,cash,20.0,,,
OUT1023,Pesath Trade Center,Baddegama,2,active,cash,20.0,,,
OUT1024,"Pethuma Food City,Denipitiya",Denipitiya,1,active,cash,20.0,,,
OUT1025,"Pinnaduwa Stores, Wanduraba",Wanduraba,5,active,cash,20.0,,,
OUT1026,"Piumal Stores, puwakdola",Puwakdola,1,active,cash,20.0,,,
OUT1027,"Piumali Book Shop, Dodangoda",dodangoda,2,active,cash,20.0,,,
OUT1028,"Pivithuru Food City, Thangalla",thangalla,1,active,cash,20.0,,,
OUT1029,"Piyadarshani Stores, Rejjipura",Rejjipura,2,active,cash,20.0,,,
OUT1030,"Piyal Grocery, Labuduwa",Labuduwa,4,active,cash,20.0,,,
OUT1031,"Piyal Stores, Yatalamatta",Yatalamatta,3,active,cash,20.0,,,
OUT1032,"Piyasena Stores, Walihinda",walihinda,1,active,cash,20.0,,,
OUT1033,"Piyasiri Stores, Denipitiya","Akuressa Rd, Denipitiya",1,active,cash,20.0,,,
OUT1034,"Podi Kade, Ginimellagaha",Ginimellagaha,5,active,cash,20.0,,,
OUT1035,"Podi Kade, Kananke",Kananke,1,active,cash,20.0,,,
OUT1036,"Pooja Milk Bar, Galle",Galle,2,active,cash,20.0,,,
OUT1037,"Poralin Stores, Horangalla",Horangalla,2,active,cash,20.0,,,
OUT1038,"Prabath Grocery, Ginigala Junction",Ginigala Junction,4,active,cash,20.0,,,
OUT1039,"Prabath Grocery, Heenatigala",Heenatigala,4,active,cash,20.0,,,
OUT1040,"Prabath Pharmacy, Imaduwa","Akuressa Rd, Imaduwa",1,active,cash,20.0,,,
OUT1041,"Pradeep Food City, Ambalanwatta",Ambalanwatta,4,active,cash,20.0,,,
OUT1042,"Pramith Stores, Ginimellagaha",Ginimellagaha,5,active,cash,20.0,,,
OUT1043,"Pramith Stores, Majuwana",Majuwana,5,active,cash,20.0,,,
OUT1044,"Prarthana Stores,",,2,active,cash,20.0,,,
OUT1045,"Prarthana Stores, Kiridiala","Kiridiala, Aluthwala",3,active,cash,20.0,,,
OUT1046,"Prasad Stores, Hiyare",Hiyare,3,active,cash,20.0,,,
OUT1047,"Prasad Trade Center, Baddegama","Galle Rd, Baddegama",2,active,cash,20.0,,,
OUT1048,"Prasanna Food City, Neluwa",Neluwa,1,active,cash,20.0,,,
OUT1049,"Prasanna Pharmacy, Hapugala",Hapugala,4,active,cash,20.0,,,
OUT1050,"Premarathna Stores, Dediygala",Dediyagala,1,active,cash,20.0,,,
OUT1051,"Primart, Ambalangoda",Ambalangoda,6,active,cash,20.0,,,
OUT1052,"Prime Traders, Isadin Town",Isadin Town,1,active,cash,20.0,,,
OUT1053,"Priyadarshana Stores, Rejjipura",Rejjipura,2,active,cash,20.0,,,
OUT1054,"Priyanga Oil Center, Rathgama",Rathgama,2,active,cash,20.0,,,
OUT1055,"Priyanka Stores, Mapalagama",Mapalagama,3,active,cash,20.0,,,
OUT1056,"Priyanka Stores, Sirikaduruwatta",Sirikaduruwatta,2,active,cash,20.0,,,
OUT1057,"Priyankara Grinding Mills, Kananke",Kananke,1,active,cash,20.0,,,
OUT1058,"Priyantha Food City, Awiththawa",Awiththawa,2,active,cash,20.0,,,
OUT1059,"Priyantha Food City, Neluwa",Mawita Neluwa,1,active,cash,20.0,,,
OUT1060,"Priyantha Grocery, Kalegana","Wakwella Road, Kalegana",4,active,cash,20.0,,,
OUT1061,"Priyantha Grocery, Morakatiya",Embilipitiya,1,active,cash,20.0,,,
OUT1062,"Priyantha Stores, Imaduwa",Imaduwa,1,active,cash,20.0,,,
OUT1063,"Priyantha Stores, Makubura",Makubura,1,active,cash,20.0,,,
OUT1064,"Priyanthi Food City, Delkada",Delkada,2,active,cash,20.0,,,
OUT1065,"Priyanthi Hotel, Thalgampala",Talgampala,2,active,cash,20.0,,,
OUT1066,"Pubudu Food City, Hakmana",Hakmana,1,active,cash,20.0,,,
OUT1067,"Pubudu Stores, Batapola",Batapola,2,active,cash,20.0,,,
OUT1068,"Purahanda Grocery, Hapugala",Hapugala,4,active,cash,20.0,,,
OUT1069,"Purl In Grocery, Thalgaswala",Thalgaswala,3,active,cash,20.0,,,
OUT1070,"Q - Mart, Dikwella",Dikwella,1,active,cash,20.0,,,
OUT1071,"R. D. S. Stores, Thelikada",Thelikada,2,active,cash,20.0,,,
OUT1072,"R. G. S. Stores, Amugoda",Amugoda,5,active,cash,20.0,,,
OUT1073,"R. I. W. Grocery,Millwa, Morawaka","Deniyaya Rd, Morawaka",1,active,cash,20.0,,,
OUT1074,"R. K. M. Highland Shop, Karapitiya",Karapitiya,4,active,cash,20.0,,,
OUT1075,"R. N. Sons, Kananke",Kananke,1,active,cash,20.0,,,
OUT1076,"R. T. S. Food City Batapola,","Elpitiya Rd, Batapola",7,active,cash,20.0,,,
OUT1077,"R. T. S. Food City, Sandarawala","Galle Road, Sandarawala",7,active,cash,20.0,,,
OUT1078,"R.C.Food City, Semson Mawatha",Semson Mawatha,4,active,cash,20.0,,,
OUT1079,"R.G.Grocery, Maliduwa",Maliduwa,4,active,cash,20.0,,,
OUT1080,"R.M.A. Vegitable Shop, Pilana",Pilana,4,active,cash,20.0,,,
OUT1081,"R.P.Food City, Wathugedara",Ambalangoda,6,active,cash,20.0,,,
OUT1082,"R.T.A Stores, Waulagala",Waulagala,7,active,cash,20.0,,,
OUT1083,R.T.S. Food City Baddegama,"Galle Rd, Baddegama",7,active,cash,20.0,,,
OUT1084,"R.T.S.Food City, Dadalla",Dadalla,7,active,cash,20.0,,,
OUT1085,"Radeel Book Shop,",,3,active,cash,20.0,,,
OUT1086,"Radeen Grocery, Katudampe",Katudampe,3,active,cash,20.0,,,
OUT1087,"Raini Pharmacy ,Karapitiya",Karapitiya,4,active,cash,20.0,,,
OUT1088,"Raja Grocery, Godakanda",Godakanda,4,active,cash,20.0,,,
OUT1089,"Raja Stores, Yatalamatta",Yatalamatta,6,active,cash,20.0,,,
OUT1090,"Rajapaksha Stores, Hiyare",Hiyare,1,active,cash,20.0,,,
OUT1091,"Rajawatta Food City, Kamburugamuwa",Kamburugamuwa,1,active,cash,20.0,,,
OUT1092,"Rajee Grocery, Kubalgama","No.345, Walliwala west, weligama",1,active,cash,20.0,,,
OUT1093,"Rajika Stores, Nagoda",Nagoda,6,active,cash,20.0,,,
OUT1094,"Rajika Stores,Karandeniya",Karandeniya,3,active,cash,20.0,,,
OUT1095,"Rajitha Stores, Hiyare",Hiyare,1,active,cash,20.0,,,
OUT1096,"Ralahami Stores, Kandewatta",Kandewatta,1,active,cash,20.0,,,
OUT1097,Rama Dristributer,"Hikkaduwa Rd, Wauiagala",6,active,cash,20.0,,,
OUT1098,"Ramani Stores, Kumarakanda",Kumarakanda,6,active,cash,20.0,,,
OUT1099,"Ramya Stores, Ehalakanda, Mawarala",Mawarala,1,active,cash,20.0,,,
OUT1100,"Ramya Stores, Halpathota",Halpathota,2,active,cash,20.0,,,
OUT1101,"Ran Ruwan Stores, Walikanda, Mahawatta",Mahawatta,2,active,cash,20.0,,,
OUT1102,"Ranasingha Food City, Pitabeddara",Pitabeddara,1,active,cash,20.0,,,
OUT1103,"Ranasingha Food City, Weeraketiya",Weeraketiya,1,active,cash,20.0,,,
OUT1104,"Ranathunga Stores, Habaraduwa",Habaraduwa,3,active,cash,20.0,,,
OUT1105,"Ranaweera Food Mart, Wanduraba",Wanduraba,4,active,cash,20.0,,,
OUT1106,"Ranaweera Grocery, Richmond Hill",Richmond Hill,4,active,cash,20.0,,,
OUT1107,"Randeepa Stores, Ampegama",Ampegama,4,active,cash,20.0,,,
OUT1108,"Randi Food City, Kiyanduwa",Kiyanduwa,1,active,cash,20.0,,,
OUT1109,"Randi Stores, Mulatiyana",Mulatiyana,1,active,cash,20.0,,,
OUT1110,"Randidula Stores, Pilana",Pilana,4,active,cash,20.0,,,
OUT1111,"Randika Pharmacy, Akuressa",Akuressa,1,active,cash,20.0,,,
OUT1112,"Randilu Super , Opatha",Opatha,1,active,cash,20.0,,,
OUT1113,"Randilu Traders, Hapugala","No. 14, Beraliyadola Watta, Hapugala",4,active,cash,20.0,,,
OUT1114,"Randina Pharmacy, Bangama","Akuressa, Bangama",1,active,cash,20.0,,,
OUT1115,"Randinu Stores, Pitiwalla",Pitiwalla,2,active,cash,20.0,,,
OUT1116,"Randu Pharmacy, Hiyare",Hiyare,1,active,cash,20.0,,,
OUT1117,"Randuli Stores, Thalgaswala",Thalgaswala,2,active,cash,20.0,,,
OUT1118,"Ranga Hotel & Gocery, Kuruduwatta",Kuruduwatta,1,active,cash,20.0,,,
OUT1119,"Ranga Stores, Thangalla",Thangalla,1,active,cash,20.0,,,
OUT1120,"Ranga Stores, Thelikada",,5,active,cash,20.0,,,
OUT1121,"Ranga Stores, Walasmulla",Walasmulla,1,active,cash,20.0,,,
OUT1122,"Ranga Stores, Waulagala",waulagala,2,active,cash,20.0,,,
OUT1123,"Ranhiru Food City, Wanduraba","kottawa Rd, Wanduraba",5,active,cash,20.0,,,
OUT1124,"Ranidu Pharmacy, Hiyare Junction",Hiyare junction,1,active,cash,20.0,,,
OUT1125,"Ranjani Stores, Arachchikanda",Arachchikanda,7,active,cash,20.0,,,
OUT1126,"Ranjith Foods, Yakkalamulla",Yakkalamulla,3,active,cash,20.0,,,
OUT1127,"Ranjith Stores, Elpitiya",Elpitiya,3,active,cash,20.0,,,
OUT1128,"Ranmali Stores, Wanduraba",Wanduraba,3,active,cash,20.0,,,
OUT1129,"Ranmina Stores, Mawadawila",,5,active,cash,20.0,,,
OUT1130,"Rannagira Food Corner, Mapalagama",Mapalagama,2,active,cash,20.0,,,
OUT1131,Ranreka Super Market Hikkaduwa,"Colomba Rd, Hikkaduwa",7,active,cash,20.0,,,
OUT1132,"Ranruwan Stores, Agulugaha",Agulugaha,2,active,cash,20.0,,,
OUT1133,"Rantharu Stores, Kamburugamuwa",kamburugamuwa,1,active,cash,20.0,,,
OUT1134,"Rantharu Stores, Meegahathanna",Meegahathanna,3,active,cash,20.0,,,
OUT1135,"Rantharu Stores, Pahala Keebiya",Pahalakeebiya,5,active,cash,20.0,,,
OUT1136,"Ranwin Food Corner, Gonamulla",Gonamulla,4,active,cash,20.0,,,
OUT1137,"Rasalee Grocery, Waulagala",Waulagala,2,active,cash,20.0,,,
OUT1138,"Rasawimana, Makandura",Makandura,1,active,cash,20.0,,,
OUT1139,"Rasika Stores, Karandeniya",Karandeniya,3,active,cash,20.0,,,
OUT1140,"Rasika Stores, Nagoda",Nagoda,2,active,cash,20.0,,,
OUT1141,"Rathna Stores, Dolamawatha",Dolamawathha,1,active,cash,20.0,,,
OUT1142,"Rathna Stores, Polhena Agulugaha",Agulugaha,2,active,cash,20.0,,,
OUT1143,"Rathna Stores, Unawatuna",Unawatuna,3,active,cash,20.0,,,
OUT1144,"Rathnasiri Stores, Mapalagama",Mapalagama,6,active,cash,20.0,,,
OUT1145,"Rathnayaka Food City, Opatha",Opatha,1,active,cash,20.0,,,
OUT1146,"Rathnayaka Food City, Thawalam",Thawalama,1,active,cash,20.0,,,
OUT1147,"Rathnayaka Stores, Thalpe",Thaple,2,active,cash,20.0,,,
OUT1148,"Rathu Kade, Thelikada.",Thelikada Ginimellagaha,2,active,cash,20.0,,,
OUT1149,"Ravindu Stores, Darangala",Darangala,1,active,cash,20.0,,,
OUT1150,"Ravindu Stores, Nabaraththa",Nabaraththa,3,active,cash,20.0,,,
OUT1151,"Renuka Stores, Pathana",Pathana,5,active,cash,20.0,,,
OUT1152,"Richland Food City, Weeraketiya",weeraketiya,1,active,cash,20.0,,,
OUT1153,"Richmond Grocery, Richmond Hill",Richmond Hill,7,active,cash,20.0,,,
OUT1154,"Rithuki Stores, Agulugaha",Agulugaha,2,active,cash,20.0,,,
OUT1155,"River Side, Yakkalamulla",Yakkalamulla,2,active,cash,20.0,,,
OUT1156,"Rohana Stores, Godakanda",Godakanda,4,active,cash,20.0,,,
OUT1157,"Rohana Stores, Thalagaha",,5,active,cash,20.0,,,
OUT1158,"Rohana Super, Weeraketiya",Weeraketiya,1,active,cash,20.0,,,
OUT1159,"Rohana Trades, Kotavila",Kotavila,1,active,cash,20.0,,,
OUT1160,"Rohini Stores, Mahamodara",Mahamodara Galle,4,active,cash,20.0,,,
OUT1161,"Roobasingha Stores, Bengama",Bengama,1,active,cash,20.0,,,
OUT1162,"Roohi Stores, Dodanduwa",Dodanduwa,3,active,cash,20.0,,,
OUT1163,"Roopasingha Stores, Hammaliya",Hammaliya,3,active,cash,20.0,,,
OUT1164,"Roshan Grocery, Galgoda Junction",Galgoda Junction,4,active,cash,20.0,,,
OUT1165,"Roshan Stores, Ahangama",Ahangama,2,active,cash,20.0,,,
OUT1166,"Roshan Stores, Dikkubura",Dikkubura,1,active,cash,20.0,,,
OUT1167,"Roshan Stores, Galle",Galle,2,active,cash,20.0,,,
OUT1168,"Roshan Stores, Redi Kade Handiya","Redi Kade handiya, Imaduwa",3,active,cash,20.0,,,
OUT1169,"Roshani Grocery, Kuruduwatta",Kuruduwatta,4,active,cash,20.0,,,
OUT1170,"Rosulya Food City, Indigahavila",Indigahavila,2,active,cash,20.0,,,
OUT1171,"Royal Food City, Gintota","Colombo Rd, Gintota",7,active,cash,20.0,,,
OUT1172,"Royal Pharmacy, Waligama",Walipitiya,1,active,cash,20.0,,,
OUT1173,"Ru - Mart Food City, Hakmana","Gammadda Pitya,Hakmana",1,active,cash,20.0,,,
OUT1174,"Rucky & Delight, Hiribura",Hiribura,4,active,cash,20.0,,,
OUT1175,"Ruhunu Stores, Makuluwa","Udugama rd, Makuluwa",5,active,cash,20.0,,,
OUT1176,"Runage Stores (Wholesale), Kamburupitiya",KJamburupitiya,1,active,cash,20.0,,,
OUT1177,"Runage Stores, Kamburupitiya",Kamburupitiya,1,active,cash,20.0,,,
OUT1178,"Rusiru Grocery, Yakkalamulla",,5,active,cash,20.0,,,
OUT1179,"Rusiru Stores, Baddegama",Baddegama,2,active,cash,20.0,,,
OUT1180,"Rusiru Stores, Polhena","Imaduwa Rd, Polhena",3,active,cash,20.0,,,
OUT1181,"Rusuru Stores, Baddegama","Hikkaduwa Road, Baddegama",2,active,cash,20.0,,,
OUT1182,"Ruwan Grocery, Kapuhempala",Akmeemana,2,active,cash,20.0,,,
OUT1183,"S, N, Food City, Manawila",Manawila,2,active,cash,20.0,,,
OUT1184,"S. G. M. Food City, Rathgama",Rathgama,7,active,cash,20.0,,,
OUT1185,"S. H. i. Grocery, Heenatigala",Heenatigala,4,active,cash,20.0,,,
OUT1186,"S. R. Super Market, Kamburupitiya",Kamburupitiya,1,active,cash,20.0,,,
OUT1187,"S. S. B. Food City, Thithagalla Junction",,2,active,cash,20.0,,,
OUT1188,"S. S.R. Super, Kubalgama",Akuressa,1,active,cash,20.0,,,
OUT1189,"S. T. C  Stores, Batapola",Batapola,6,active,cash,20.0,,,
OUT1190,"S.A.N. Food City, Bataduwa",Bataduwa,4,active,cash,20.0,,,
OUT1191,"S.B.Stores, Karandeniya",Karandeniya,3,active,cash,20.0,,,
OUT1192,"S.D.J Stores, Udugama",Udugama,3,active,cash,20.0,,,
OUT1193,"S.G.Stores, Mahamodara",Mahamodara,3,active,cash,20.0,,,
OUT1194,"S.H. Grocery, Pilana",Pilana,4,active,cash,20.0,,,
OUT1195,"S.J.K. Stores, Hammaliya",Hammaliya,5,active,cash,20.0,,,
OUT1196,"S.K.D. Food City, Gonapinuwala",Gonapinuwala,2,active,cash,20.0,,,
OUT1197,"S.K.Family Mart, Embilipitiya",Embilipitiya,1,active,cash,20.0,,,
OUT1198,"S.K.Stores, Deniyaya",Deniyaya,1,active,cash,20.0,,,
OUT1199,"S.K.Stores, Morawaka",Morawaka,1,active,cash,20.0,,,
OUT1200,"S.K.Super, Thangalla",Thangalla,1,active,cash,20.0,,,
OUT1201,"S.L.D.Stores, Morawaka",morawaka,1,active,cash,20.0,,,
OUT1202,"S.N.Food City, Pinnaduwa",Pinnaduwa,3,active,cash,20.0,,,
OUT1203,"S.S.Stores, Karandeniya",Karandeniya,3,active,cash,20.0,,,
OUT1204,"Sabee Food City, Boossa","\Hegoda Rd, Boossa",7,active,cash,20.0,,,
OUT1205,"Sachini Stores, Walakubura",Walakubura,2,active,cash,20.0,,,
OUT1206,"Sadagiri Super, Batuwangala",Batuwangala,1,active,cash,20.0,,,
OUT1207,"Sadamini Grocery, Pahangala",Pahangala,1,active,cash,20.0,,,
OUT1208,"Sadana Stores, Pitadeniya",Pitadeniya,5,active,cash,20.0,,,
OUT1209,"Sadani Stores, Ginimellagaha",Ginimellagaha,2,active,cash,20.0,,,
OUT1210,"Sadaru Stores, Keebiya",keebiya,5,active,cash,20.0,,,
OUT1211,"Sadaru Stores,Boralukada",Boralukada,3,active,cash,20.0,,,
OUT1212,"Sadaruwan Stores, Kottawa",Kottawa,2,active,cash,20.0,,,
OUT1213,"Sadeepa Grocery, Arachchikanda","Hikkaduwa Rd, Arachchikanda",2,active,cash,20.0,,,
OUT1214,"Sadew Book Shop, Adapana",Adapana,1,active,cash,20.0,,,
OUT1215,"Sadew Food City, Imaduwa",Imaduwa,1,active,cash,20.0,,,
OUT1216,"Sadew Stores, Majuwana",Majuwana,5,active,cash,20.0,,,
OUT1217,"Sadu Corner, Kananke",Kananke,1,active,cash,20.0,,,
OUT1218,"Sadu Stores, Kadugoda",,2,active,cash,20.0,,,
OUT1219,"Sadu Stores, Kudagoda",Kudagoda,2,active,cash,20.0,,,
OUT1220,"Sadu Stores, Majuwana",Majuwana,5,active,cash,20.0,,,
OUT1221,"Sadu Tea Shop, Unanvitiya",Unanvitiya,3,active,cash,20.0,,,
OUT1222,"Sadumi Stores, Thawalama",thawalama,1,active,cash,20.0,,,
OUT1223,"Sadun Grocery, Julgaha",Julgaha,2,active,cash,20.0,,,
OUT1224,"Sadun Grocery, Thalpe",Thalpe,4,active,cash,20.0,,,
OUT1225,"Sadun Stores, Boralukada",Boralukada,2,active,cash,20.0,,,
OUT1226,"Sadun Stores, Talpe",Talpe,2,active,cash,20.0,,,
OUT1227,"Sadun Stores, Thawalama",Thawalama,3,active,cash,20.0,,,
OUT1228,"Safaz Stores, Mahamodara",Mahamodara,3,active,cash,20.0,,,
OUT1229,"Sahabandu Rice Shop, Beligaha","Karapitiya rd, Beligaha",2,active,cash,20.0,,,
OUT1230,Sahabandu Super Bataganwila,Bataganwila,7,active,cash,20.0,,,
OUT1231,"Sahal Food City, Netolpitiya",Netolpitiya,1,active,cash,20.0,,,
OUT1232,"Sahana Food City, Jesminveli Junction",Jesminveli Junction,1,active,cash,20.0,,,
OUT1233,"Sahana Food City, Opatha",Opatha,1,active,cash,20.0,,,
OUT1234,"Sahana Grocery, Julgaha",Julgaha,4,active,cash,20.0,,,
OUT1235,"Sahana Grocery, Thelikada",Thelikada,7,active,cash,20.0,,,
OUT1236,"Sahana Grocery, Wadugoda",Wadugoda,4,active,cash,20.0,,,
OUT1237,"Sahana Super Grocery , Thawalama",Thawalama,1,active,cash,20.0,,,
OUT1238,"Saikel Kade, Urala Pahala",urala pahala,3,active,cash,20.0,,,
OUT1239,"Sakbim Super, Walasgala",Walasgala,1,active,cash,20.0,,,
OUT1240,"Sakuni Lanka Grocery, Weligama",Weligama,1,active,cash,20.0,,,
OUT1241,"Sakura Grocery, Hiyare Road",Hiyare Road,4,active,cash,20.0,,,
OUT1242,"Sakura Pharmacy, Hirimbura",Hirimbura,4,active,cash,20.0,,,
OUT1243,"Sakura Pharmacy, Kahaduwa watta",Galle,2,active,cash,20.0,,,
OUT1244,"Sakura Stores, Hiyare",Hiyare,2,active,cash,20.0,,,
OUT1245,"Salman Stores, Walipitiya",Walipitiya,1,active,cash,20.0,,,
OUT1246,"Samagi Stores, Hiyare",Hiyare,3,active,cash,20.0,,,
OUT1247,"Samagi Trade Center, Yatalamatta",,5,active,cash,20.0,,,
OUT1248,"Saman Food City, Kudaheella",,1,active,cash,20.0,,,
OUT1249,"Saman Stores, Kotavila,",Kotavila,1,active,cash,20.0,,,
OUT1250,"Saman Stores, Pinnaduwa",Pinnaduwa,1,active,cash,20.0,,,
OUT1251,"Saman Stores, Udalamatta",Udalamatta,3,active,cash,20.0,,,
OUT1252,"Samantha Stores, Katudampe",Katudampe,3,active,cash,20.0,,,
OUT1253,"Samanthilaka Stores, Yakkalamulla",Yakkalamulla,3,active,cash,20.0,,,
OUT1254,"Samarakoon Stores, Baddegama",Baddegama,2,active,cash,20.0,,,
OUT1255,"Samarasigha Stores, Darangala",Darangala,1,active,cash,20.0,,,
OUT1256,"Samarasingha Stores, Baddegama",Baddegama,2,active,cash,20.0,,,
OUT1257,"Samarathunga Super, Kamburupitiya",Kamburupitiya,1,active,cash,20.0,,,
OUT1258,"Samarawickrama Super, Kalahe",Kalahe,1,active,cash,20.0,,,
OUT1259,"Sameera Food City, Unawatuna",Unawatuna,4,active,cash,20.0,,,
OUT1260,"Sameera Stores , Mederipitiya",Mederipitiya,1,active,cash,20.0,,,
OUT1261,"Sameera Stores, Dadalla",,5,active,cash,20.0,,,
OUT1262,"Sameera Stores, Gonapinuwala",Gonapinuwala,3,active,cash,20.0,,,
OUT1263,"Sameera Stores, Majuwana",Baddegama,3,active,cash,20.0,,,
OUT1264,"Sameera Stores, Pinnaduwa",Pinnaduwa,2,active,cash,20.0,,,
OUT1265,Saminda Bake House. Maliduwa,Maliduwa,1,active,cash,20.0,,,
OUT1266,"Saminda Stores, Moliyadda",moliyadda,1,active,cash,20.0,,,
OUT1267,"Sampath 100,Sirikaduruwatta",Sirikaduruwatta,2,active,cash,20.0,,,
OUT1268,"Sampath Food City, Neluwa","Pelawatta Rd, Neluwa",1,active,cash,20.0,,,
OUT1269,"Sampath Grocery, Hapugala","Palawatta Road,Hapugala",2,active,cash,20.0,,,
OUT1270,"Sampath Stores, Hapugala","Galle Rd, Hapugala",7,active,cash,20.0,,,
OUT1271,"Sampath Stores, Kotapola",Kotapola,1,active,cash,20.0,,,
OUT1272,"Sampath Stores, Sirikandura Watta","Sirikandura Watta, Mawadawilla",7,active,cash,20.0,,,
OUT1273,"Sampath Stores, Talgasyaya",Akmeemana,5,active,cash,20.0,,,
OUT1274,"Sampath Stores, Waralla",Waralla,1,active,cash,20.0,,,
OUT1275,"Sampath Vegitables, Ahangama",Ahangama,1,active,cash,20.0,,,
OUT1276,Sample,,1,active,cash,20.0,,,
OUT1277,"Samupakaraya, Thalgaswala",Thalgaswala,6,active,cash,20.0,,,
OUT1278,"Sanara Super City, Debokkawa",Debokkawa,1,active,cash,20.0,,,
OUT1279,"Sanasa Food City, Eramudugoda",Eramudugoda,1,active,cash,20.0,,,
OUT1280,"Sanasa Food City, Iuppalla",Iuppalla,1,active,cash,20.0,,,
OUT1281,"Sandakalum Stores, Batapola",Batapola,6,active,cash,20.0,,,
OUT1282,"Sandakini Stores, Thalgaswala",Thalgaswala,3,active,cash,20.0,,,
OUT1283,"Sandale Food City, Ambalanthota",Ambalanthota,1,active,cash,20.0,,,
OUT1284,"Sandale Food City, Dangedara",Dangedara,2,active,cash,20.0,,,
OUT1285,"Sandali Stores, Angulugaha",Angulugaha,3,active,cash,20.0,,,
OUT1286,"Sandali Stores, Darangala",Darangala,1,active,cash,20.0,,,
OUT1287,"Sandali Stores, Thawalama",Thawalama,1,active,cash,20.0,,,
OUT1288,"Sandamal Stores, Kahaduwa",Kahaduwa,2,active,cash,20.0,,,
OUT1289,"Sandamali Stores, Dikkubura",Dikkubura,3,active,cash,20.0,,,
OUT1290,"Sandamali Stores, Opatha",Opatha,1,active,cash,20.0,,,
OUT1291,"Sandamali Stores, Urubokka",Urubokka,1,active,cash,20.0,,,
OUT1292,"Sandamali Stores, Weerapana",Weerapana,1,active,cash,20.0,,,
OUT1293,"Sandamini Stores, Beliatta",Beliatta,1,active,cash,20.0,,,
OUT1294,"Sandaru Stores, Thalgaswala",Thalgaswala,3,active,cash,20.0,,,
OUT1295,"Sandaruwan Food City, Kokmaduwa",Kokmaduwa,1,active,cash,20.0,,,
OUT1296,"Sandaruwan Stores, Hiyare",Hiyare,3,active,cash,20.0,,,
OUT1297,"Sandee Tea Shop, Unanvitiya",Unanvitiya,3,active,cash,20.0,,,
OUT1298,"Sandu Stores, Ginimellagaha",Ginimellagaha,2,active,cash,20.0,,,
OUT1299,"Sandun Grocery, Julgaha","Julgaha, Galle",4,active,cash,20.0,,,
OUT1300,"Sandun Stores, Baddegama",Baddegama,3,active,cash,20.0,,,
OUT1301,"Sangamiththa Grocery, Wakwalla",Wakwalla,4,active,cash,20.0,,,
OUT1302,"Sangamiththapura Grocery, Sangamiththa","Wakwella Road, Sangamiththa",4,active,cash,20.0,,,
OUT1303,"Sanhiru Food City, Wanduraba",Wanduraba,4,active,cash,20.0,,,
OUT1304,"Sani Tea Shop, Unawatuna",unawatuna,3,active,cash,20.0,,,
OUT1305,"Sanjana Stores, Porogama",Porogama,6,active,cash,20.0,,,
OUT1306,"Sanjana Stores, Wadugoda",Wadugoda,3,active,cash,20.0,,,
OUT1307,"Sanjeewa D Mart, Kurupanawa","Udugama Rd, Baddegama",3,active,cash,20.0,,,
OUT1308,"Sanjeewa Food City, Labima",Labima,1,active,cash,20.0,,,
OUT1309,"Sanjeewa Stores, Galwadugoda.","Galwadugoda,  Galle",2,active,cash,20.0,,,
OUT1310,"Sanka Stores, Wanduraba",Wanduraba,3,active,cash,20.0,,,
OUT1311,"Sankalpa Stores, Nakiyadeniya",Nakiyadeniya,1,active,cash,20.0,,,
OUT1312,"Sankalpa Stores, Thalangalla",Thalangalla,1,active,cash,20.0,,,
OUT1313,"Sanmira Food City, Unawatuna",Unawatuna,4,active,cash,20.0,,,
OUT1314,"Sanu & Bingu Super, Thalgaswala",Thalgaswala,3,active,cash,20.0,,,
OUT1315,"Sanu Grocery, imaduwa",Imaduwa,2,active,cash,20.0,,,
OUT1316,"Sanuka Grocery, Kanampitiya","Kanampitiya, Galle",1,active,cash,20.0,,,
OUT1317,"Sapun Stores, Angulugaha",Angulugaha,3,active,cash,20.0,,,
OUT1318,"Saranga Stores, Mapalagama",MAPALAGAMA,6,active,cash,20.0,,,
OUT1319,"Sarasa Fruit Shop, Julgaha","Wakwella Road,  Julgaha",4,active,cash,20.0,,,
OUT1320,"Sarath Stores, Angulugaha",Angulugaha,3,active,cash,20.0,,,
OUT1321,"Sarath Stores, Batapola",Batapola,3,active,cash,20.0,,,
OUT1322,"Sarath Stores, Julampitiya",Julampitiya,1,active,cash,20.0,,,
OUT1323,"Sarath Stores, Wakunugoda",Wakunugoda,2,active,cash,20.0,,,
OUT1324,"Sarika Stores, Mapalagama",Mapalagama,3,active,cash,20.0,,,
OUT1325,"Sasanka Stores, Nayapamula",Nayapamula,2,active,cash,20.0,,,
OUT1326,"Sashi Stores, Imaduwa",Imaduwa,3,active,cash,20.0,,,
OUT1327,"Sasindu Tea, Ahungalla",Ahungalla,7,active,cash,20.0,,,
OUT1328,"Sasiri Kade, Poddala",Poddala,2,active,cash,20.0,,,
OUT1329,"Sathara Grocery, Welipitiya",,1,active,cash,20.0,,,
OUT1330,"Satharasingha Stores, Poddala","Kohombadeniya, Poddala",2,active,cash,20.0,,,
OUT1331,"Satharasingha Stores, Weerapana",Weerapana,1,active,cash,20.0,,,
OUT1332,"Sathmaga Mihira Hotel, Yakkalamulla",Yakkalamulla,3,active,cash,20.0,,,
OUT1333,"Sathran Food City, Dikwella",Dikwella,1,active,cash,20.0,,,
OUT1334,"Saubagya Stores, Sirikadurawatta",Sirikadurawatta,5,active,cash,20.0,,,
OUT1335,"Savindu Stores, Porawagama",Porawagamaa,3,active,cash,20.0,,,
OUT1336,"Sayu Food Corner, Melegoda","Akuressa Rd, Melegoda",1,active,cash,20.0,,,
OUT1337,"Seelawathi Stores, Ginthota",,5,active,cash,20.0,,,
OUT1338,"Senadeera Stores, Hirimbura",Hirimbura,3,active,cash,20.0,,,
OUT1339,"Senaka Stores, Pilana",Pilana,1,active,cash,20.0,,,
OUT1340,"Senanayaka Stores, Weerapana",Weerapana,1,active,cash,20.0,,,
OUT1341,"Senapala Stores, Polhena",Polhena,2,active,cash,20.0,,,
OUT1342,"Senara Food City, Angulugaha.",Angulugaha,4,active,cash,20.0,,,
OUT1343,"Senara Super, Imaduwa",Imaduwa,1,active,cash,20.0,,,
OUT1344,"Senevirathna Stores, Weragoda",Weragoda,2,active,cash,20.0,,,
OUT1345,"Senuri Grocery, Niyagama",Niyagama,3,active,cash,20.0,,,
OUT1346,"Sepala Stores, Opatha",Opatha,1,active,cash,20.0,,,
OUT1347,"Sepala Super,Imaduwa",Imaduwa,1,active,cash,20.0,,,
OUT1348,"Serandib Pharmacy, Hirimbura.","Baddegama Road, Hirimbura",4,active,cash,20.0,,,
OUT1349,"Sethu Stores, Rathgama",Rathgama,3,active,cash,20.0,,,
OUT1350,"Sevi Stores, Mapalabadda",,5,active,cash,20.0,,,
OUT1351,"Sevonga Food City, Delgaha Junction",Baddegama,3,active,cash,20.0,,,
OUT1352,"Sevonga Stores, Batapola",Batapola,6,active,cash,20.0,,,
OUT1353,"Seya Foods, Batapola",Batapola,2,active,cash,20.0,,,
OUT1354,"Shakthi Food City, Yakkalamulla",Yakkalamulla,1,active,cash,20.0,,,
OUT1355,"Shan Grocery,  Gonapinuwala",,2,active,cash,20.0,,,
OUT1356,"Shantha Stores, Akuressa",Akuressa,1,active,cash,20.0,,,
OUT1357,"Shantha Stores, Habaraduwa",Habaraduwa,3,active,cash,20.0,,,
OUT1358,"Shantha Stores, Wakunugoda",Wakunugoda,4,active,cash,20.0,,,
OUT1359,"Shanthi Stores, Thellambura",Thellambura,4,active,cash,20.0,,,
OUT1360,"Sharmin Food City, Meepawala",Meepawala,4,active,cash,20.0,,,
OUT1361,"Shehan Stores, Ampegama",Ampegama,3,active,cash,20.0,,,
OUT1362,"Shehan Stores, Haupe",Haupe,2,active,cash,20.0,,,
OUT1363,"Shiro Food City, Weeraketiya",Weeraketiya,1,active,cash,20.0,,,
OUT1364,"Shop Rite Food City ,Narigama",Narigama,6,active,cash,20.0,,,
OUT1365,"Shri Pali Stores, Pitigala",Pitigala,2,active,cash,20.0,,,
OUT1366,"Shridara Pharmacy, Karapitiya",Karapitiya,7,active,cash,20.0,,,
OUT1367,"Silindu Grocery, Meetiyagoda",MEETIYAGODA,6,active,cash,20.0,,,
OUT1368,"Silva Hotel, Habaraduwa",Habaraduwa,1,active,cash,20.0,,,
OUT1369,"Simathi Stores, Boralukada",Boralukada,2,active,cash,20.0,,,
OUT1370,"Singha Stores, Weerapana",Weerapana,1,active,cash,20.0,,,
OUT1371,"Sinhala Beheth Kade, Akuressa",Akuressa,1,active,cash,20.0,,,
OUT1372,"Sinhala Beheth Kade, Kurudugaha",Kurudugaha,6,active,cash,20.0,,,
OUT1373,"Sinharaja Stores, Thanipolgaha",THANIPOLGAHA,2,active,cash,20.0,,,
OUT1374,"Sireth Food Mart, Abekubura","ITHTHAGALA, aBEKUBURA",3,active,cash,20.0,,,
OUT1375,"Sirimal Stores, Nakiyadeniya",Nakiyadeniya,3,active,cash,20.0,,,
OUT1376,"Sirini Kadapila,Emblipitiya",Embilipitiya,1,active,cash,20.0,,,
OUT1377,"Sirisara Grocery, Hapugala",Hapugala,4,active,cash,20.0,,,
OUT1378,"Sirisara Pharmacy, Thalgampala",Thalgampala,4,active,cash,20.0,,,
OUT1379,"Sirisara Stores, Makurugoda",Makurugoda,2,active,cash,20.0,,,
OUT1380,"Sirisara Trade Center, Baddegama",Baddegama,2,active,cash,20.0,,,
OUT1381,"Sirithunga Tea Room, Nalagasdeniya","Hikkaduwa Rd, Nalagasdeniya",2,active,cash,20.0,,,
OUT1382,"Siriwardana Stores, Urubokka","Main Street, Urubokka",1,active,cash,20.0,,,
OUT1383,"Sisira Family Mart, Watiya Junction",Watiya Junction,1,active,cash,20.0,,,
OUT1384,"Sisirasa Stores, Makurugoda",makurugoda,2,active,cash,20.0,,,
OUT1385,"Sithira Family Mart, Watiya Junction",Watiya Junciton,1,active,cash,20.0,,,
OUT1386,"Sithmina Stores, Thalawa Junction",Thalawa Junction,1,active,cash,20.0,,,
OUT1387,"Sithmina Super, Kotawila",Kotawila,1,active,cash,20.0,,,
OUT1388,"Sithmini Stores, Thalawa",Thawalama,1,active,cash,20.0,,,
OUT1389,"Sithu Stores, Waulagala",Waulagala,3,active,cash,20.0,,,
OUT1390,"Sithumina Family Mart, Modarawana",Modarawana,1,active,cash,20.0,,,
OUT1391,"Sithumini Grocery, Beliatta","Walasmulla rd, Kahawatta, Beliatta",1,active,cash,20.0,,,
OUT1392,"Sithumira Grocery, Meepawala",Meepawala,4,active,cash,20.0,,,
OUT1393,"Sithupura Food City, Ketanwila.",Ketanwila,1,active,cash,20.0,,,
OUT1394,"Siyara Stores, Batapola",Batapola,3,active,cash,20.0,,,
OUT1395,"Smart Grocery, Walahanduwa",Walahnduwa,2,active,cash,20.0,,,
OUT1396,"Somarathna Stores, Pathana",Panvila Pathana,5,active,cash,20.0,,,
OUT1397,"Southern Grocery, Weliwitiya",Weliwitiya,1,active,cash,20.0,,,
OUT1398,"Southern Pharmacy, Dodangoda","Rathgama Rd, Dodangoda",7,active,cash,20.0,,,
OUT1399,"Southern Super Food City, Kirinda","Kirinda, Puhulwella",1,active,cash,20.0,,,
OUT1400,Spicy Ceylon,Hikkaduwa,8,active,cash,20.0,,,
OUT1401,"Sri Daya Stores, Waralla",Nayamulla,1,active,cash,20.0,,,
OUT1402,"Sri Dewa Stores, Kotapola",Kotapola,1,active,cash,20.0,,,
OUT1403,"Sridhara Pharmacy, Karapitiya",Karapitiya,2,active,cash,20.0,,,
OUT1404,"Srimathi Stores, Boralukada",Boralukada,3,active,cash,20.0,,,
OUT1405,"Sriyani Stores, Hinpanwila",,5,active,cash,20.0,,,
OUT1406,"Subasingha Stores, Ehalakanda",Ehalakanda,1,active,cash,20.0,,,
OUT1407,"Subodhi Food Mart, Welipitiya",Welipitiya,1,active,cash,20.0,,,
OUT1408,"Sugath Stores, Kamburupitiya",Kamburupitiya,1,active,cash,20.0,,,
OUT1409,"Sugath Stores, Yatalamatta",Ytalamatta,2,active,cash,20.0,,,
OUT1410,"Suhada Grocery, Julgaha",Julgaha,4,active,cash,20.0,,,
OUT1411,"Sujani Grocery,Holuwagoda",Holuwagoda,4,active,cash,20.0,,,
OUT1412,"Sujith Stores, Boossa",Boossa,5,active,cash,20.0,,,
OUT1413,"Sujith Stores, Udugama",,5,active,cash,20.0,,,
OUT1414,"Sulakshi Stores, Unanvitiya",Unanvitiya,3,active,cash,20.0,,,
OUT1415,"Sulakshmi Stores, Nagoda",Unanwitiya Nagoda,5,active,cash,20.0,,,
OUT1416,"Sumana Stores, Pathuwatha",Pathuwata,3,active,cash,20.0,,,
OUT1417,"Sumanadasa Stores, Karandeniya",karandeniya,3,active,cash,20.0,,,
OUT1418,"Sumanasekara Stores, Waulagala",Waulagala,2,active,cash,20.0,,,
OUT1419,Sumangala College Canteen,Hikkaduwa,7,active,cash,20.0,,,
OUT1420,"Sumathipala Stores, Rotuba",rotuba,1,active,cash,20.0,,,
OUT1421,"Sumera Pharmacy, Waligama",Waligama,1,active,cash,20.0,,,
OUT1422,"Suminda Stores, Dodangoda",Dodangoda,2,active,cash,20.0,,,
OUT1423,"Sumudu Stores, Maliduwa",Maliduwa,4,active,cash,20.0,,,
OUT1424,"Sumudu Super, Ahangama",Ahangama,1,active,cash,20.0,,,
OUT1425,"Sun Beam Super Center,  Thiranagama",Thiranagama,2,active,cash,20.0,,,
OUT1426,"Sunhiru Food City, Kottawa",Kottawa,2,active,cash,20.0,,,
OUT1427,"Sunhiru Stores, Nagare handiya",Nagare Handiya,2,active,cash,20.0,,,
OUT1428,"Sunil Stores, Dodangod,",Dodangoda,7,active,cash,20.0,,,
OUT1429,"Sunil Stores, Dodangoda,",Ginimellagaha este,3,active,cash,20.0,,,
OUT1430,"Sunil Stores, Madakeebiya",Madakeebiya,3,active,cash,20.0,,,
OUT1431,"Sunila Stores, Sandarawala",Sandarawala,2,active,cash,20.0,,,
OUT1432,"Sunrise Hotel, Manawila",Manawila,1,active,cash,20.0,,,
OUT1433,"Super Grocery, Pinthaliya",Pinthaliya,4,active,cash,20.0,,,
OUT1434,"Super Stores, Waligama",Waligama,1,active,cash,20.0,,,
OUT1435,"Supiri Pharmacy, Adapana",Adapana,1,active,cash,20.0,,,
OUT1436,"Supreem Pharmacy 1, Elpitiya","New Rd, Elpitiya",6,active,cash,20.0,,,
OUT1437,"Supreem Pharmacy 2, Elpitiya","Hospital Junction,Elpitiya",6,active,cash,20.0,,,
OUT1438,"Suranga Stores, Hungama",Hungama,1,active,cash,20.0,,,
OUT1439,"Surangi Spicy Shop, Unawatuna","Welladewalaya Road, Unawatuna",7,active,cash,20.0,,,
OUT1440,"Surashmi Stores, Unanvitiya",Uanvitiya,3,active,cash,20.0,,,
OUT1441,"Suresh  Stores, Pannamgoda",Pannamgoda Hikkaduwa,7,active,cash,20.0,,,
OUT1442,"Suriya Grocery, Hikkaduwa",Hikkaduwa,3,active,cash,20.0,,,
OUT1443,"Suriya Sahal Shop, Induruwa",Induruwa,2,active,cash,20.0,,,
OUT1444,"Suriya Stores, Wanduraba",wanduraba,2,active,cash,20.0,,,
OUT1445,"Susantha Vegetables, Mapalagama",mapalagama,2,active,cash,20.0,,,
OUT1446,"Susiri Food City, Waligama",Waligama,1,active,cash,20.0,,,
OUT1447,"Susiri Stores, Polpagoda",Polpagoda,5,active,cash,20.0,,,
OUT1448,"Susitha Food City, Kurudugaha",Kurudugaha,2,active,cash,20.0,,,
OUT1449,"T. K. G. Stores, Landewa",landewa,2,active,cash,20.0,,,
OUT1450,"T. V. S. Vejetable, Beligaha",Beligaha,2,active,cash,20.0,,,
OUT1451,"T.A Stores, Karapitiya",Karapitiya,4,active,cash,20.0,,,
OUT1452,"T.G.Grocery, Thellabura",Thellabura,1,active,cash,20.0,,,
OUT1453,"T.K.Fashion, Karapitiya",Karapitiya,4,active,cash,20.0,,,
OUT1454,"T.K.J.K.Mendis Grocery, Ambalangoda",ambalangoda,2,active,cash,20.0,,,
OUT1455,"T.M.Food City, Gonamulla",Gonamulla,4,active,cash,20.0,,,
OUT1456,"T.S.Food City, Wanduraba",Wanduraba,2,active,cash,20.0,,,
OUT1457,"T.V.K Stores, Ihalakeebiya",By Route,5,active,cash,20.0,,,
OUT1458,"Taitas Super City, Mawadawilla","Rathgama Rd, Mawadawilla",7,active,cash,20.0,,,
OUT1459,"Talent Pharmacy, Makandura",makandura,1,active,cash,20.0,,,
OUT1460,"Tankiya Kade, Bataganwila","Karapitiya Road, Bataganwila",4,active,cash,20.0,,,
OUT1461,"Tea & Spicy Market, Hikkaduwa","Galle Road, Hikkaduwa",7,active,cash,20.0,,,
OUT1462,"Tea & Spicy Shop, Wewala",Wewala Hikkaduwa,7,active,cash,20.0,,,
OUT1463,"Tesgo Food City, Embilipitiya",Embilipitiya,1,active,cash,20.0,,,
OUT1464,"Tha Sillara, Thalpawila",Thalpawila,1,active,cash,20.0,,,
OUT1465,Thalgampala Samupakaraya,Thalgampala,6,active,cash,20.0,,,
OUT1466,"Thanuki Stores, Nagoda",Nagoda,6,active,cash,20.0,,,
OUT1467,"Tharanga Food City , Udugama",Udugama,1,active,cash,20.0,,,
OUT1468,"Tharanga Grocery, Baddegama",Baddegama,2,active,cash,20.0,,,
OUT1469,"Tharanga Stores, Yatalamatta",Yatalmatta,3,active,cash,20.0,,,
OUT1470,"Tharanga Stores,Yatalamatta",Yatalamatta,3,active,cash,20.0,,,
OUT1471,"Tharindu Stores, Kobeithuduwa",,6,active,cash,20.0,,,
OUT1472,"Tharusha Stores, Dodanduwa",Dodanduwa,3,active,cash,20.0,,,
OUT1473,"Thasmila Stores, Gonapinuwala",Gonapinuwala,2,active,cash,20.0,,,
OUT1474,"The Care Toppies, Baddegama",Baddegama,2,active,cash,20.0,,,
OUT1475,"The Silva Stores, Kubalgama",Kubalgama,1,active,cash,20.0,,,
OUT1476,"Thejan Stores, Embilipitiya",Embilipitiya,1,active,cash,20.0,,,
OUT1477,"Thennawila Stores, Neluwa","No.1 Rathnamahal Building, Udugama Rd, Neluwa",1,active,cash,20.0,,,
OUT1478,"Thenuki Grocery, Paragoda",Paragoda,1,active,cash,20.0,,,
OUT1479,"Thenuki Stores, Imaduwa",Imaduwa,2,active,cash,20.0,,,
OUT1480,"Thesara Highland, Kalegana",Kalegana,2,active,cash,20.0,,,
OUT1481,"Theshila Stores, Dampahala",Dampahala,1,active,cash,20.0,,,
OUT1482,"Thilak Stores, Yakkalamulla",Yakkalamulla,1,active,cash,20.0,,,
OUT1483,"Thilaka Stores, Mawadawila",mawadawila,5,active,cash,20.0,,,
OUT1484,"Thilanga Stores, Pahalakeebiya",Pahalakeebiya,3,active,cash,20.0,,,
OUT1485,"Thilanka Stores, Malpudanella",Malpudanella,1,active,cash,20.0,,,
OUT1486,"Thilina Food City, Kananke",Kananke,1,active,cash,20.0,,,
OUT1487,"Thilina Stores, Thalgasgoda",Batapola,2,active,cash,20.0,,,
OUT1488,"Thilina Traders, Pahalakeebiya",Pahalakeebiya,3,active,cash,20.0,,,
OUT1489,"Thimedwin Pharmacy, Karapitiya.",Karapitiya,4,active,cash,20.0,,,
OUT1490,"Thisara Pharmacy & Grocery, Pilana","Akuressa Rd, Pilana, Wanchawala",1,active,cash,20.0,,,
OUT1491,"Thisara Stores, Godigamuwa",Godigamuwa,1,active,cash,20.0,,,
OUT1492,"Thisara Stores, Nisala Uyana",,5,active,cash,20.0,,,
OUT1493,"Thisara Stores, Pattipola",pattipola,1,active,cash,20.0,,,
OUT1494,"Thissa Hal Kade, Piyadigama",Piyadigama,4,active,cash,20.0,,,
OUT1495,"Thissa Stores, Deniyaya",Deniyaya,1,active,cash,20.0,,,
OUT1496,"Thudalla Super Market,Kamburupitiya",Kamburupitiya,1,active,cash,20.0,,,
OUT1497,"Thuruliya Mihi mart, Barawakumuna",Barawakumuna,1,active,cash,20.0,,,
OUT1498,"Thushara Grocery, Thalgampala",Thalgampala,4,active,cash,20.0,,,
OUT1499,"Thushara Stores, Ahangama",,1,active,cash,20.0,,,
OUT1500,"Tokyo Super, Baddegama","New Town, Main Street Baddegama",7,active,cash,20.0,,,
OUT1501,"Tresha Stores, Indigahavila",Indigahavila,3,active,cash,20.0,,,
OUT1502,"U.J.S, Poddala",Poddala,4,active,cash,20.0,,,
OUT1503,"Udahiru Food City, Katudampe",Katudampe,1,active,cash,20.0,,,
OUT1504,"Udawaththa Stores , Pallegama",Pallegama,1,active,cash,20.0,,,
OUT1505,"Udith Stores, Jayanthi Junction",Jayanthi Junction,4,active,cash,20.0,,,
OUT1506,"Udugama Stores, Pinnaduwa",Nawanagaraya Pinnaduwa,2,active,cash,20.0,,,
OUT1507,"Udupila Stores , Kananke",Kananke,1,active,cash,20.0,,,
OUT1508,"Uduwila Farm Shop,",uduwila,6,active,cash,20.0,,,
OUT1509,"Ueera Rathna Stores, Aluthwala",Aluthwala,3,active,cash,20.0,,,
OUT1510,"Umayanga Grocery, Maliduwa",Maliduwa,2,active,cash,20.0,,,
OUT1511,"Umayanga Stores, Mahagoda",Mahagoda,4,active,cash,20.0,,,
OUT1512,"Umayanga Stores,Bengama",Bengama,1,active,cash,20.0,,,
OUT1513,"Upul Stores, Kaduruduwa",Kaduruduwa,1,active,cash,20.0,,,
OUT1514,"Upul Stores, Pitawalgoda",Pitawalgoda,5,active,cash,20.0,,,
OUT1515,"Upul Stores, Wanchawala",Wanchawala,1,active,cash,20.0,,,
OUT1516,"Urala Pahala Ceycle Shop, Urala",,5,active,cash,20.0,,,
OUT1517,"Uswatta Traders, Nayapamula",Nayapamula,2,active,cash,20.0,,,
OUT1518,"Uththara Grocery, Mapalagama",Mapalagama,3,active,cash,20.0,,,
OUT1519,"Vegetable Shop, Kumarakanda",Kumarakanda,6,active,cash,20.0,,,
OUT1520,"Vegetable Shop, Mapalagama",mapalagama,3,active,cash,20.0,,,
OUT1521,"Vejetables Fruits, Bogahagoda",Bogahagoda,2,active,cash,20.0,,,
OUT1522,"Vejetables Shop, Karandeniya",Karandeniya,6,active,cash,20.0,,,
OUT1523,"Vidara Stores, Thapavila",Thalpavila,1,active,cash,20.0,,,
OUT1524,"Vihanga Stores, Wanduraba",Wanuraba,2,active,cash,20.0,,,
OUT1525,"Vihanga Stores,Pitigala",Pitigala,2,active,cash,20.0,,,
OUT1526,"Vihansa Stores, Udugama",Udugama,1,active,cash,20.0,,,
OUT1527,"Vihansa Stores, Wanduraba",Wanduraba,3,active,cash,20.0,,,
OUT1528,"Vimansha  Stores ,Bogahagoda",Bogahagoda,2,active,cash,20.0,,,
OUT1529,"Vimukthi Stores, Thelikada",Thelikada,2,active,cash,20.0,,,
OUT1530,"Vindana Grocery, Malpudanalla",Malpudanalla,1,active,cash,20.0,,,
OUT1531,"vishaka bake House, Ranapanadeniya",Ranapanadeniya Rathgama,7,active,cash,20.0,,,
OUT1532,"Vishmi Stores, Rathgama",Rathgama,3,active,cash,20.0,,,
OUT1533,"Vishwa Food City, Wakwella",Wakwella,4,active,cash,20.0,,,
OUT1534,"Vishwa Stores, Kurudugaha",Kurudugaha,6,active,cash,20.0,,,
OUT1535,Viska Grinding Hikkaduwa,"Colombo Road, Hikkaduwa",2,active,cash,20.0,,,
OUT1536,"Vithana Stores, Hiniduma",Hiniduma,3,active,cash,20.0,,,
OUT1537,"Vithanage Food City, Walahanduwa",Walahanduwa,2,active,cash,20.0,,,
OUT1538,"Vithara Stores, Rathgama",Rathgama,2,active,cash,20.0,,,
OUT1539,"W. G. S Stores, Hiare",,5,active,cash,20.0,,,
OUT1540,"W. H. S. Stores, Kadurugashena",,5,active,cash,20.0,,,
OUT1541,W. R. Grocery Dodanduwa.,"Colombo Road, Dodanduwa",2,active,cash,20.0,,,
OUT1542,"W.H.H. Stores, Akuressa",Akuressa,1,active,cash,20.0,,,
OUT1543,"Waduge Trade Center, Akuressa",Akuressa,1,active,cash,20.0,,,
OUT1544,"Wageesh Stores, Deniyaya",Deniyaya,1,active,cash,20.0,,,
OUT1545,Wakwella,Wakwella,4,active,cash,20.0,,,
OUT1546,"Walakulu Stores, Mattaka",Mattaka,3,active,cash,20.0,,,
OUT1547,"Walivitiya Grocery, Poddala",Poddala,4,active,cash,20.0,,,
OUT1548,"Wana Wana Stores, Imaduwa",imaduwa,1,active,cash,20.0,,,
OUT1549,"Wanigasekara Stores, Delgaha wala Kanda",Delgahawala kanda,5,active,cash,20.0,,,
OUT1550,"Waniyarawela Stores,Ampegama",ampegama,5,active,cash,20.0,,,
OUT1551,"Wanniarachchi Stores, Mapalagama",Mapalagama,3,active,cash,20.0,,,
OUT1552,"Wardana Stores, Walahanduwa",Walahanduwa,3,active,cash,20.0,,,
OUT1553,"Waruna Pharmacy, Dikwella",Dikwella,1,active,cash,20.0,,,
OUT1554,"Wasana Grocery, Thalgampala",Thalgampala,4,active,cash,20.0,,,
OUT1555,"Wasana Stores, Nawadagala",Atakohota Junction Nawasagala,3,active,cash,20.0,,,
OUT1556,"Wasana Super, Mawadala",Mawadala,1,active,cash,20.0,,,
OUT1557,"Wasana Super, Mulatiyana",Mulatiyana,1,active,cash,20.0,,,
OUT1558,"Wasana Super, Pallerota",Pallerota,1,active,cash,20.0,,,
OUT1559,"Wasana Super, Udugama",Udugama,1,active,cash,20.0,,,
OUT1560,"Wasantha Stores, Mapalagama",Mapalagama,3,active,cash,20.0,,,
OUT1561,"Wasantha Stores, Nayamulla",Nayapamula,1,active,cash,20.0,,,
OUT1562,"Wathawana Stores, Wathawana Imaduwa",Imaduwa,1,active,cash,20.0,,,
OUT1563,"Wathsala Grocery, Agulugaha","Akuressa Rd, Agulugaha",3,active,cash,20.0,,,
OUT1564,"Wattakgoda Stores, Imaduwa",Imaduwa,1,active,cash,20.0,,,
OUT1565,"Weeraketiya Stores, Weeraketiya",Weeraketiya,1,active,cash,20.0,,,
OUT1566,"Weerakkodi Stores, Thalgaswala",Thalgaswala,1,active,cash,20.0,,,
OUT1567,"Weerakon Super, Neluwa","Morawaka Rd, Neluwa",1,active,cash,20.0,,,
OUT1568,"Weerakoon Grocery, Thawalama",Thawalama,1,active,cash,20.0,,,
OUT1569,"Weerakoon Super, Jesminweli Junction",Jesminweli Junctoin,1,active,cash,20.0,,,
OUT1570,"Weerarathna Book Shop, Aluthwala",Aluthwala,3,active,cash,20.0,,,
OUT1571,"Weerasingha Stores, Hagoda",Hagoda,2,active,cash,20.0,,,
OUT1572,"Weerasingha Stores, Hepudeniya",Hepudeniya,1,active,cash,20.0,,,
OUT1573,"Weerasingha Stores, Thepudeniya",Thepudeniya,1,active,cash,20.0,,,
OUT1574,"Weerasingha Stores, Walipitiya",Walipitiya,1,active,cash,20.0,,,
OUT1575,Weerasingha Stores. Hakmana,Hakmana,1,active,cash,20.0,,,
OUT1576,"Weerathunga Stores, Pahalakeebiya",Pahalakeebiya,5,active,cash,20.0,,,
OUT1577,"Weerathunga Super, Walgama",Walgama,1,active,cash,20.0,,,
OUT1578,Wejitable Shop Hapugala Juncion,"Galle Road, Hapugala",4,active,cash,20.0,,,
OUT1579,"Welihinda Stores, Pitabeddara",Pitabeddara,1,active,cash,20.0,,,
OUT1580,"Wethara Stores, Rathgama",Rathgama,2,active,cash,20.0,,,
OUT1581,"Wickrama Super, Kottegoda",Kottegoda,1,active,cash,20.0,,,
OUT1582,"Wickramasingha Fruits, Kurundugaha",Kurudugaha,3,active,cash,20.0,,,
OUT1583,"Wickramasingha Grocery, Richmond Hill",,2,active,cash,20.0,,,
OUT1584,"Wickramasingha Stores, Imaduwa",Imaduwa,2,active,cash,20.0,,,
OUT1585,"Wickramathilaka Stores, Batapola",Batapola,6,active,cash,20.0,,,
OUT1586,"Wickrma Super, Gandara",Gandara,1,active,cash,20.0,,,
OUT1587,"Wickrmasingha Grocery, Dolamawatha",Dolamawata,1,active,cash,20.0,,,
OUT1588,"Widara Stores, Kakanadura",Kakanadura,1,active,cash,20.0,,,
OUT1589,"Wijaya Food City, Ambalanwatta",Ambalanwatta,4,active,cash,20.0,,,
OUT1590,"Wijaya Food City, Labuduwa","Karapitiya, Galle",4,active,cash,20.0,,,
OUT1591,"Wijaya Food City, Thalagaha",Thalagaha,4,active,cash,20.0,,,
OUT1592,"Wijaya Food City, Wanduraba",Wanduraba,7,active,cash,20.0,,,
OUT1593,"Wijaya Shama Stores, Yatalamatta",Yatalamatta,3,active,cash,20.0,,,
OUT1594,"Wijesingha Stores, Heenatigala",Heenatigala,3,active,cash,20.0,,,
OUT1595,"Wijesiri Stores, Baddegama",Halpathota,5,active,cash,20.0,,,
OUT1596,"Wijitha Food  City,(wholesale) Hirimbura",Hirimbura  Galle,7,active,cash,20.0,,,
OUT1597,Wijitha Food City,Hirimbura,9,active,cash,20.0,,,
OUT1598,"Wijitha Food City , Ahangama",,1,active,cash,20.0,,,
OUT1599,"Wijitha Food City, Mathugama",Mathugama,6,active,cash,20.0,,,
OUT1600,"Wijitha Food City, Palawatta",Palawatta,6,active,cash,20.0,,,
OUT1601,"Wijitha Food City, Pitigala",Pitigala,6,active,cash,20.0,,,
OUT1602,"Wijitha Food City, Wholesale, Pitigala",Pitigala,3,active,cash,20.0,,,
OUT1603,"Wijitha Grocery, Ahangama",Ahangama,1,active,cash,20.0,,,
OUT1604,"Wijitha Mega City (wholesale), Ambalanwatta",Ambalanwatta,7,active,cash,20.0,,,
OUT1605,"Wijitha Mega City(Whole Sale), Sandarawala",Sandarawala,7,active,cash,20.0,,,
OUT1606,"Wijitha Mega City, Ambalanwatta",Ambalanwatta,7,active,cash,20.0,,,
OUT1607,"Wijitha Mega City, Sandarawala",Sandarawala,7,active,cash,20.0,,,
OUT1608,"Wijitha Sahana Food City, Ahangama",Ahangama,1,active,cash,20.0,,,
